Player_Id,Player_Name,total_runs,balls_faced,boundaries,strike_rate,boundary_percentage,total_runs_conceded,balls_bowled,economy_rate,all_rounder_index,Is_Keeper,Country,wickets,Team_Name,Role
1,SC Ganguly,1349.0,1326.0,179.0,101.73453996983407,13.499245852187029,5.0,277.0,0.1083032490974729,512.5339366515838,0,India,8,Kolkata Knight Riders,All-Rounder
1,SC Ganguly,1349.0,1326.0,179.0,101.73453996983407,13.499245852187029,5.0,277.0,0.1083032490974729,512.5339366515838,0,India,8,Pune Warriors,All-Rounder
2,BB McCullum,2435.0,1954.0,354.0,124.61617195496416,18.11668372569089,,,,,0,New Zealand,0,Kolkata Knight Riders,Batsman
2,BB McCullum,2435.0,1954.0,354.0,124.61617195496416,18.11668372569089,,,,,0,New Zealand,0,Kochi Tuskers Kerala,Batsman
2,BB McCullum,2435.0,1954.0,354.0,124.61617195496416,18.11668372569089,,,,,0,New Zealand,0,Chennai Super Kings,Batsman
2,BB McCullum,2435.0,1954.0,354.0,124.61617195496416,18.11668372569089,,,,,0,New Zealand,0,Gujarat Lions,Batsman
2,BB McCullum,2435.0,1954.0,354.0,124.61617195496416,18.11668372569089,,,,,1,New Zealand,0,Kolkata Knight Riders,Wicketkeeper
2,BB McCullum,2435.0,1954.0,354.0,124.61617195496416,18.11668372569089,,,,,1,New Zealand,0,Kochi Tuskers Kerala,Wicketkeeper
2,BB McCullum,2435.0,1954.0,354.0,124.61617195496416,18.11668372569089,,,,,1,New Zealand,0,Chennai Super Kings,Wicketkeeper
2,BB McCullum,2435.0,1954.0,354.0,124.61617195496416,18.11668372569089,,,,,1,New Zealand,0,Gujarat Lions,Wicketkeeper
3,RT Ponting,91.0,129.0,7.0,70.54263565891473,5.426356589147287,,,,,0,Australia,0,Kolkata Knight Riders,Batsman
3,RT Ponting,91.0,129.0,7.0,70.54263565891473,5.426356589147287,,,,,0,Australia,0,Mumbai Indians,Batsman
4,DJ Hussey,1322.0,1101.0,150.0,120.07266121707538,13.62397820163488,7.0,318.0,0.1320754716981132,438.6077591799663,0,Australia,5,Kolkata Knight Riders,All-Rounder
4,DJ Hussey,1322.0,1101.0,150.0,120.07266121707538,13.62397820163488,7.0,318.0,0.1320754716981132,438.6077591799663,0,Australia,5,Kings Xi Punjab,All-Rounder
4,DJ Hussey,1322.0,1101.0,150.0,120.07266121707538,13.62397820163488,7.0,318.0,0.1320754716981132,438.6077591799663,0,Australia,5,Chennai Super Kings,All-Rounder
5,Mohammad Hafeez,64.0,84.0,9.0,76.19047619047619,10.714285714285714,4.0,61.0,0.3934426229508197,165.17857142857142,0,Pakistan,2,Kolkata Knight Riders,Batsman
6,R Dravid,2170.0,1918.0,296.0,113.13868613138686,15.43274244004171,,,,,0,India,0,Royal Challengers Bangalore,Batsman
6,R Dravid,2170.0,1918.0,296.0,113.13868613138686,15.43274244004171,,,,,0,India,0,Rajasthan Royals,Batsman
7,W Jaffer,130.0,129.0,17.0,100.7751937984496,13.178294573643411,,,,,0,India,0,Royal Challengers Bangalore,Batsman
8,V Kohli,4105.0,3236.0,508.0,126.85414091470952,15.698393077873918,16.0,257.0,0.3735408560311284,197.2812371240214,0,India,4,Royal Challengers Bangalore,Batsman
9,JH Kallis,2427.0,2291.0,299.0,105.93627237014404,13.051069402007856,51.0,1765.0,0.173371104815864,341.36682899552954,0,South Africa,44,Royal Challengers Bangalore,All-Rounder
9,JH Kallis,2427.0,2291.0,299.0,105.93627237014404,13.051069402007856,51.0,1765.0,0.173371104815864,341.36682899552954,0,South Africa,44,Kolkata Knight Riders,All-Rounder
10,CL White,971.0,774.0,114.0,125.45219638242897,14.728682170542635,0.0,44.0,0.0,inf,0,Australia,1,Royal Challengers Bangalore,Batsman
10,CL White,971.0,774.0,114.0,125.45219638242897,14.728682170542635,0.0,44.0,0.0,inf,0,Australia,1,Deccan Chargers,Batsman
10,CL White,971.0,774.0,114.0,125.45219638242897,14.728682170542635,0.0,44.0,0.0,inf,0,Australia,1,Sunrisers Hyderabad,Batsman
11,MV Boucher,394.0,318.0,45.0,123.89937106918238,14.150943396226417,,,,,1,South Africa,0,Royal Challengers Bangalore,Wicketkeeper
11,MV Boucher,394.0,318.0,45.0,123.89937106918238,14.150943396226417,,,,,1,South Africa,0,Kolkata Knight Riders,Wicketkeeper
11,MV Boucher,394.0,318.0,45.0,123.89937106918238,14.150943396226417,,,,,0,South Africa,0,Royal Challengers Bangalore,Batsman
11,MV Boucher,394.0,318.0,45.0,123.89937106918238,14.150943396226417,,,,,0,South Africa,0,Kolkata Knight Riders,Batsman
12,B Akhil,76.0,57.0,10.0,133.33333333333331,17.543859649122805,6.0,189.0,0.1904761904761904,329.16666666666663,0,India,6,Royal Challengers Bangalore,Batsman
12,B Akhil,76.0,57.0,10.0,133.33333333333331,17.543859649122805,6.0,189.0,0.1904761904761904,329.16666666666663,0,India,6,Kochi Tuskers Kerala,Batsman
14,P Kumar,332.0,314.0,39.0,105.73248407643312,12.420382165605096,66.0,2451.0,0.1615667074663402,362.3359390079135,0,India,68,Royal Challengers Bangalore,Bowler
14,P Kumar,332.0,314.0,39.0,105.73248407643312,12.420382165605096,66.0,2451.0,0.1615667074663402,362.3359390079135,0,India,68,Kings Xi Punjab,Bowler
14,P Kumar,332.0,314.0,39.0,105.73248407643312,12.420382165605096,66.0,2451.0,0.1615667074663402,362.3359390079135,0,India,68,Sunrisers Hyderabad,Bowler
14,P Kumar,332.0,314.0,39.0,105.73248407643312,12.420382165605096,66.0,2451.0,0.1615667074663402,362.3359390079135,0,India,68,Gujarat Lions,Bowler
14,P Kumar,332.0,314.0,39.0,105.73248407643312,12.420382165605096,66.0,2451.0,0.1615667074663402,362.3359390079135,0,India,68,Mumbai Indians,Bowler
15,Z Khan,113.0,128.0,13.0,88.28125,10.15625,55.0,1971.0,0.167427701674277,342.7769886363636,0,India,75,Royal Challengers Bangalore,Bowler
15,Z Khan,113.0,128.0,13.0,88.28125,10.15625,55.0,1971.0,0.167427701674277,342.7769886363636,0,India,75,Mumbai Indians,Bowler
15,Z Khan,113.0,128.0,13.0,88.28125,10.15625,55.0,1971.0,0.167427701674277,342.7769886363636,0,India,75,Delhi Daredevils,Bowler
17,PA Patel,1927.0,1752.0,275.0,109.98858447488584,15.69634703196347,,,,,0,India,0,Chennai Super Kings,Batsman
17,PA Patel,1927.0,1752.0,275.0,109.98858447488584,15.69634703196347,,,,,0,India,0,Kochi Tuskers Kerala,Batsman
17,PA Patel,1927.0,1752.0,275.0,109.98858447488584,15.69634703196347,,,,,0,India,0,Deccan Chargers,Batsman
17,PA Patel,1927.0,1752.0,275.0,109.98858447488584,15.69634703196347,,,,,0,India,0,Sunrisers Hyderabad,Batsman
17,PA Patel,1927.0,1752.0,275.0,109.98858447488584,15.69634703196347,,,,,0,India,0,Mumbai Indians,Batsman
17,PA Patel,1927.0,1752.0,275.0,109.98858447488584,15.69634703196347,,,,,0,India,0,Royal Challengers Bangalore,Batsman
17,PA Patel,1927.0,1752.0,275.0,109.98858447488584,15.69634703196347,,,,,1,India,0,Chennai Super Kings,Wicketkeeper
17,PA Patel,1927.0,1752.0,275.0,109.98858447488584,15.69634703196347,,,,,1,India,0,Kochi Tuskers Kerala,Wicketkeeper
17,PA Patel,1927.0,1752.0,275.0,109.98858447488584,15.69634703196347,,,,,1,India,0,Deccan Chargers,Wicketkeeper
17,PA Patel,1927.0,1752.0,275.0,109.98858447488584,15.69634703196347,,,,,1,India,0,Sunrisers Hyderabad,Wicketkeeper
17,PA Patel,1927.0,1752.0,275.0,109.98858447488584,15.69634703196347,,,,,1,India,0,Mumbai Indians,Wicketkeeper
17,PA Patel,1927.0,1752.0,275.0,109.98858447488584,15.69634703196347,,,,,1,India,0,Royal Challengers Bangalore,Wicketkeeper
18,ML Hayden,1107.0,839.0,165.0,131.94278903456495,19.66626936829559,,,,,0,Australia,0,Chennai Super Kings,Batsman
19,MEK Hussey,1977.0,1648.0,250.0,119.96359223300972,15.169902912621358,,,,,0,Australia,0,Chennai Super Kings,Batsman
19,MEK Hussey,1977.0,1648.0,250.0,119.96359223300972,15.169902912621358,,,,,0,Australia,0,Mumbai Indians,Batsman
20,MS Dhoni,3270.0,2419.0,376.0,135.17982637453494,15.543613063249277,,,,,1,India,0,Chennai Super Kings,Wicketkeeper
20,MS Dhoni,3270.0,2419.0,376.0,135.17982637453494,15.543613063249277,,,,,1,India,0,Rising Pune Supergiants,Wicketkeeper
20,MS Dhoni,3270.0,2419.0,376.0,135.17982637453494,15.543613063249277,,,,,0,India,0,Chennai Super Kings,Batsman
20,MS Dhoni,3270.0,2419.0,376.0,135.17982637453494,15.543613063249277,,,,,0,India,0,Rising Pune Supergiants,Batsman
21,SK Raina,4106.0,3059.0,521.0,134.2268715266427,17.031709709055246,20.0,831.0,0.1444043321299639,413.3634357633214,0,India,22,Chennai Super Kings,Batsman
21,SK Raina,4106.0,3059.0,521.0,134.2268715266427,17.031709709055246,20.0,831.0,0.1444043321299639,413.3634357633214,0,India,22,Gujarat Lions,Batsman
22,JDP Oram,106.0,110.0,11.0,96.36363636363636,10.0,14.0,240.0,0.35,191.03896103896105,0,New Zealand,9,Chennai Super Kings,All-Rounder
22,JDP Oram,106.0,110.0,11.0,96.36363636363636,10.0,14.0,240.0,0.35,191.03896103896105,0,New Zealand,9,Rajasthan Royals,All-Rounder
22,JDP Oram,106.0,110.0,11.0,96.36363636363636,10.0,14.0,240.0,0.35,191.03896103896105,0,New Zealand,9,Mumbai Indians,All-Rounder
23,S Badrinath,1441.0,1245.0,182.0,115.7429718875502,14.61847389558233,,,,,0,India,0,Chennai Super Kings,Batsman
24,K Goel,218.0,239.0,26.0,91.21338912133892,10.87866108786611,1.0,66.0,0.0909090909090909,595.6066945606694,0,India,0,Kings Xi Punjab,Batsman
25,JR Hopes,417.0,314.0,60.0,132.80254777070064,19.10828025477707,14.0,360.0,0.2333333333333333,280.6869881710646,0,Australia,14,Kings Xi Punjab,Bowler
25,JR Hopes,417.0,314.0,60.0,132.80254777070064,19.10828025477707,14.0,360.0,0.2333333333333333,280.6869881710646,0,Australia,14,Delhi Daredevils,Bowler
26,KC Sangakkara,1687.0,1424.0,222.0,118.4691011235955,15.589887640449437,,,,,1,Sri Lanka,0,Kings Xi Punjab,Wicketkeeper
26,KC Sangakkara,1687.0,1424.0,222.0,118.4691011235955,15.589887640449437,,,,,1,Sri Lanka,0,Deccan Chargers,Wicketkeeper
26,KC Sangakkara,1687.0,1424.0,222.0,118.4691011235955,15.589887640449437,,,,,1,Sri Lanka,0,Sunrisers Hyderabad,Wicketkeeper
26,KC Sangakkara,1687.0,1424.0,222.0,118.4691011235955,15.589887640449437,,,,,0,Sri Lanka,0,Kings Xi Punjab,Batsman
26,KC Sangakkara,1687.0,1424.0,222.0,118.4691011235955,15.589887640449437,,,,,0,Sri Lanka,0,Deccan Chargers,Batsman
26,KC Sangakkara,1687.0,1424.0,222.0,118.4691011235955,15.589887640449437,,,,,0,Sri Lanka,0,Sunrisers Hyderabad,Batsman
27,Yuvraj Singh,2339.0,1862.0,308.0,125.61761546723952,16.541353383458645,14.0,847.0,0.0991735537190082,566.9754744002864,0,India,30,Kings Xi Punjab,All-Rounder
27,Yuvraj Singh,2339.0,1862.0,308.0,125.61761546723952,16.541353383458645,14.0,847.0,0.0991735537190082,566.9754744002864,0,India,30,Pune Warriors,All-Rounder
27,Yuvraj Singh,2339.0,1862.0,308.0,125.61761546723952,16.541353383458645,14.0,847.0,0.0991735537190082,566.9754744002864,0,India,30,Delhi Daredevils,All-Rounder
27,Yuvraj Singh,2339.0,1862.0,308.0,125.61761546723952,16.541353383458645,14.0,847.0,0.0991735537190082,566.9754744002864,0,India,30,Sunrisers Hyderabad,All-Rounder
27,Yuvraj Singh,2339.0,1862.0,308.0,125.61761546723952,16.541353383458645,14.0,847.0,0.0991735537190082,566.9754744002864,0,India,30,Royal Challengers Bangalore,All-Rounder
28,SM Katich,237.0,191.0,33.0,124.08376963350784,17.277486910994764,,,,,0,Australia,0,Kings Xi Punjab,Batsman
29,IK Pathan,1148.0,982.0,126.0,116.90427698574337,12.830957230142568,48.0,2039.0,0.1412457086807258,412.4451940484272,0,India,69,Kings Xi Punjab,All-Rounder
29,IK Pathan,1148.0,982.0,126.0,116.90427698574337,12.830957230142568,48.0,2039.0,0.1412457086807258,412.4451940484272,0,India,69,Delhi Daredevils,All-Rounder
29,IK Pathan,1148.0,982.0,126.0,116.90427698574337,12.830957230142568,48.0,2039.0,0.1412457086807258,412.4451940484272,0,India,69,Rising Pune Supergiants,All-Rounder
29,IK Pathan,1148.0,982.0,126.0,116.90427698574337,12.830957230142568,48.0,2039.0,0.1412457086807258,412.4451940484272,0,India,69,Sunrisers Hyderabad,All-Rounder
31,YK Pathan,2779.0,1953.0,374.0,142.29390681003585,19.150025601638504,28.0,1110.0,0.1513513513513513,401.5040962621608,0,India,36,Rajasthan Royals,All-Rounder
31,YK Pathan,2779.0,1953.0,374.0,142.29390681003585,19.150025601638504,28.0,1110.0,0.1513513513513513,401.5040962621608,0,India,36,Kolkata Knight Riders,All-Rounder
32,SR Watson,2553.0,1869.0,372.0,136.59711075441413,19.903691813804173,75.0,1717.0,0.262085032032615,259.0763331549848,0,Australia,73,Rajasthan Royals,All-Rounder
32,SR Watson,2553.0,1869.0,372.0,136.59711075441413,19.903691813804173,75.0,1717.0,0.262085032032615,259.0763331549848,0,Australia,73,Royal Challengers Bangalore,All-Rounder
33,M Kaif,259.0,258.0,28.0,100.3875968992248,10.852713178294572,,,,,0,India,0,Rajasthan Royals,Batsman
33,M Kaif,259.0,258.0,28.0,100.3875968992248,10.852713178294572,,,,,0,India,0,Kings Xi Punjab,Batsman
33,M Kaif,259.0,258.0,28.0,100.3875968992248,10.852713178294572,,,,,0,India,0,Royal Challengers Bangalore,Batsman
35,RA Jadeja,1574.0,1340.0,165.0,117.46268656716418,12.313432835820896,26.0,1705.0,0.0914956011730205,605.2057022579411,0,India,59,Rajasthan Royals,All-Rounder
35,RA Jadeja,1574.0,1340.0,165.0,117.46268656716418,12.313432835820896,26.0,1705.0,0.0914956011730205,605.2057022579411,0,India,59,Kochi Tuskers Kerala,All-Rounder
35,RA Jadeja,1574.0,1340.0,165.0,117.46268656716418,12.313432835820896,26.0,1705.0,0.0914956011730205,605.2057022579411,0,India,59,Chennai Super Kings,All-Rounder
35,RA Jadeja,1574.0,1340.0,165.0,117.46268656716418,12.313432835820896,26.0,1705.0,0.0914956011730205,605.2057022579411,0,India,59,Gujarat Lions,All-Rounder
36,M Rawat,55.0,70.0,5.0,78.57142857142857,7.142857142857142,,,,,1,India,0,Rajasthan Royals,Wicketkeeper
36,M Rawat,55.0,70.0,5.0,78.57142857142857,7.142857142857142,,,,,1,India,0,Pune Warriors,Wicketkeeper
36,M Rawat,55.0,70.0,5.0,78.57142857142857,7.142857142857142,,,,,0,India,0,Rajasthan Royals,Batsman
36,M Rawat,55.0,70.0,5.0,78.57142857142857,7.142857142857142,,,,,0,India,0,Pune Warriors,Batsman
37,D Salunkhe,33.0,24.0,5.0,137.5,20.833333333333336,4.0,48.0,0.5,168.75,0,India,1,Rajasthan Royals,Batsman
38,SK Warne,198.0,219.0,20.0,90.41095890410958,9.1324200913242,18.0,1194.0,0.0904522613065326,597.9832572298325,0,Australia,57,Rajasthan Royals,Bowler
39,SK Trivedi,42.0,61.0,4.0,68.85245901639344,6.557377049180328,47.0,1527.0,0.1846758349705304,305.1709103592606,0,India,46,Rajasthan Royals,Bowler
40,G Gambhir,3634.0,3028.0,473.0,120.01321003963012,15.620871862615587,,,,,0,India,0,Delhi Daredevils,Batsman
40,G Gambhir,3634.0,3028.0,473.0,120.01321003963012,15.620871862615587,,,,,0,India,0,Kolkata Knight Riders,Batsman
41,V Sehwag,2728.0,1833.0,440.0,148.82705946535734,24.004364429896345,6.0,137.0,0.2627737226277372,264.69130751045645,0,India,6,Delhi Daredevils,All-Rounder
41,V Sehwag,2728.0,1833.0,440.0,148.82705946535734,24.004364429896345,6.0,137.0,0.2627737226277372,264.69130751045645,0,India,6,Kings Xi Punjab,All-Rounder
42,S Dhawan,3082.0,2622.0,410.0,117.54385964912282,15.636918382913803,1.0,49.0,0.1224489795918367,467.10526315789474,0,India,1,Delhi Daredevils,Batsman
42,S Dhawan,3082.0,2622.0,410.0,117.54385964912282,15.636918382913803,1.0,49.0,0.1224489795918367,467.10526315789474,0,India,1,Mumbai Indians,Batsman
42,S Dhawan,3082.0,2622.0,410.0,117.54385964912282,15.636918382913803,1.0,49.0,0.1224489795918367,467.10526315789474,0,India,1,Deccan Chargers,Batsman
42,S Dhawan,3082.0,2622.0,410.0,117.54385964912282,15.636918382913803,1.0,49.0,0.1224489795918367,467.10526315789474,0,India,1,Sunrisers Hyderabad,Batsman
43,L Ronchi,34.0,37.0,7.0,91.8918918918919,18.91891891891892,,,,,1,Australia,0,Mumbai Indians,Wicketkeeper
43,L Ronchi,34.0,37.0,7.0,91.8918918918919,18.91891891891892,,,,,0,Australia,0,Mumbai Indians,Batsman
44,ST Jayasuriya,768.0,573.0,123.0,134.03141361256544,21.46596858638744,6.0,294.0,0.1224489795918367,475.349040139616,0,Sri Lanka,13,Mumbai Indians,Bowler
45,DJ Thornely,39.0,54.0,4.0,72.22222222222221,7.4074074074074066,0.0,42.0,0.0,inf,0,Australia,3,Mumbai Indians,Batsman
46,RV Uthappa,3390.0,2721.0,445.0,124.58654906284454,16.35428151414921,,,,,0,India,0,Mumbai Indians,Batsman
46,RV Uthappa,3390.0,2721.0,445.0,124.58654906284454,16.35428151414921,,,,,0,India,0,Royal Challengers Bangalore,Batsman
46,RV Uthappa,3390.0,2721.0,445.0,124.58654906284454,16.35428151414921,,,,,0,India,0,Pune Warriors,Batsman
46,RV Uthappa,3390.0,2721.0,445.0,124.58654906284454,16.35428151414921,,,,,0,India,0,Kolkata Knight Riders,Batsman
46,RV Uthappa,3390.0,2721.0,445.0,124.58654906284454,16.35428151414921,,,,,1,India,0,Mumbai Indians,Wicketkeeper
46,RV Uthappa,3390.0,2721.0,445.0,124.58654906284454,16.35428151414921,,,,,1,India,0,Royal Challengers Bangalore,Wicketkeeper
46,RV Uthappa,3390.0,2721.0,445.0,124.58654906284454,16.35428151414921,,,,,1,India,0,Pune Warriors,Wicketkeeper
46,RV Uthappa,3390.0,2721.0,445.0,124.58654906284454,16.35428151414921,,,,,1,India,0,Kolkata Knight Riders,Wicketkeeper
47,PR Shah,91.0,96.0,11.0,94.79166666666666,11.458333333333332,,,,,0,India,0,Mumbai Indians,Batsman
47,PR Shah,91.0,96.0,11.0,94.79166666666666,11.458333333333332,,,,,0,India,0,Rajasthan Royals,Batsman
47,PR Shah,91.0,96.0,11.0,94.79166666666666,11.458333333333332,,,,,1,India,0,Mumbai Indians,Wicketkeeper
47,PR Shah,91.0,96.0,11.0,94.79166666666666,11.458333333333332,,,,,1,India,0,Rajasthan Royals,Wicketkeeper
48,AM Nayar,672.0,588.0,75.0,114.28571428571428,12.755102040816327,1.0,229.0,0.0262008733624454,1965.4761904761904,0,India,8,Mumbai Indians,All-Rounder
48,AM Nayar,672.0,588.0,75.0,114.28571428571428,12.755102040816327,1.0,229.0,0.0262008733624454,1965.4761904761904,0,India,8,Kings Xi Punjab,All-Rounder
48,AM Nayar,672.0,588.0,75.0,114.28571428571428,12.755102040816327,1.0,229.0,0.0262008733624454,1965.4761904761904,0,India,8,Pune Warriors,All-Rounder
48,AM Nayar,672.0,588.0,75.0,114.28571428571428,12.755102040816327,1.0,229.0,0.0262008733624454,1965.4761904761904,0,India,8,Rajasthan Royals,All-Rounder
49,SM Pollock,147.0,116.0,20.0,126.72413793103448,17.24137931034483,6.0,276.0,0.1304347826086956,446.6954022988506,0,South Africa,11,Mumbai Indians,Bowler
50,Harbhajan Singh,783.0,574.0,116.0,136.41114982578398,20.20905923344948,66.0,2687.0,0.1473762560476367,407.4732516805688,0,India,107,Mumbai Indians,Bowler
51,S Chanderpaul,25.0,33.0,4.0,75.75757575757575,12.12121212121212,,,,,0,West Indies,0,Royal Challengers Bangalore,Batsman
52,LRPL Taylor,1017.0,847.0,112.0,120.07083825265644,13.223140495867767,0.0,12.0,0.0,,0,New Zealand,0,Royal Challengers Bangalore,Batsman
52,LRPL Taylor,1017.0,847.0,112.0,120.07083825265644,13.223140495867767,0.0,12.0,0.0,,0,New Zealand,0,Rajasthan Royals,Batsman
52,LRPL Taylor,1017.0,847.0,112.0,120.07083825265644,13.223140495867767,0.0,12.0,0.0,,0,New Zealand,0,Delhi Daredevils,Batsman
52,LRPL Taylor,1017.0,847.0,112.0,120.07083825265644,13.223140495867767,0.0,12.0,0.0,,0,New Zealand,0,Pune Warriors,Batsman
53,AC Gilchrist,2065.0,1554.0,330.0,132.88288288288288,21.23552123552124,0.0,1.0,0.0,,1,Australia,1,Deccan Chargers,Wicketkeeper
53,AC Gilchrist,2065.0,1554.0,330.0,132.88288288288288,21.23552123552124,0.0,1.0,0.0,,1,Australia,1,Kings Xi Punjab,Wicketkeeper
54,Y Venugopal Rao,985.0,865.0,114.0,113.8728323699422,13.179190751445086,1.0,216.0,0.0277777777777777,1856.936416184971,0,India,6,Deccan Chargers,All-Rounder
54,Y Venugopal Rao,985.0,865.0,114.0,113.8728323699422,13.179190751445086,1.0,216.0,0.0277777777777777,1856.936416184971,0,India,6,Delhi Daredevils,All-Rounder
54,Y Venugopal Rao,985.0,865.0,114.0,113.8728323699422,13.179190751445086,1.0,216.0,0.0277777777777777,1856.936416184971,0,India,6,Sunrisers Hyderabad,All-Rounder
55,VVS Laxman,282.0,271.0,38.0,104.0590405904059,14.022140221402212,,,,,0,India,0,Deccan Chargers,Batsman
55,VVS Laxman,282.0,271.0,38.0,104.0590405904059,14.022140221402212,,,,,0,India,0,Kochi Tuskers Kerala,Batsman
56,A Symonds,974.0,781.0,115.0,124.71190781049935,14.7247119078105,21.0,528.0,0.2386363636363636,271.8797634290592,0,Australia,20,Deccan Chargers,Bowler
56,A Symonds,974.0,781.0,115.0,124.71190781049935,14.7247119078105,21.0,528.0,0.2386363636363636,271.8797634290592,0,Australia,20,Mumbai Indians,Bowler
57,RG Sharma,3874.0,2996.0,487.0,129.30574098798397,16.255006675567422,9.0,332.0,0.1626506024096385,372.0602779013994,0,India,15,Deccan Chargers,Batsman
57,RG Sharma,3874.0,2996.0,487.0,129.30574098798397,16.255006675567422,9.0,332.0,0.1626506024096385,372.0602779013994,0,India,15,Mumbai Indians,Batsman
58,SB Styris,131.0,134.0,13.0,97.76119402985076,9.701492537313433,2.0,216.0,0.0555555555555555,948.8805970149252,0,New Zealand,8,Deccan Chargers,All-Rounder
58,SB Styris,131.0,134.0,13.0,97.76119402985076,9.701492537313433,2.0,216.0,0.0555555555555555,948.8805970149252,0,New Zealand,8,Chennai Super Kings,All-Rounder
59,SB Bangar,49.0,58.0,4.0,84.48275862068965,6.896551724137931,2.0,150.0,0.08,667.2413793103449,0,India,4,Deccan Chargers,Batsman
59,SB Bangar,49.0,58.0,4.0,84.48275862068965,6.896551724137931,2.0,150.0,0.08,667.2413793103449,0,India,4,Kolkata Knight Riders,Batsman
60,WPUJC Vaas,81.0,73.0,5.0,110.95890410958904,6.849315068493151,13.0,284.0,0.2746478873239436,237.53073410607652,0,Sri Lanka,18,Deccan Chargers,Bowler
61,RP Singh,52.0,78.0,3.0,66.66666666666666,3.8461538461538463,87.0,1802.0,0.2896781354051054,205.93869731800768,0,India,74,Deccan Chargers,Bowler
61,RP Singh,52.0,78.0,3.0,66.66666666666666,3.8461538461538463,87.0,1802.0,0.2896781354051054,205.93869731800768,0,India,74,Kochi Tuskers Kerala,Bowler
61,RP Singh,52.0,78.0,3.0,66.66666666666666,3.8461538461538463,87.0,1802.0,0.2896781354051054,205.93869731800768,0,India,74,Mumbai Indians,Bowler
61,RP Singh,52.0,78.0,3.0,66.66666666666666,3.8461538461538463,87.0,1802.0,0.2896781354051054,205.93869731800768,0,India,74,Royal Challengers Bangalore,Bowler
61,RP Singh,52.0,78.0,3.0,66.66666666666666,3.8461538461538463,87.0,1802.0,0.2896781354051054,205.93869731800768,0,India,74,Rising Pune Supergiants,Bowler
62,WP Saha,1323.0,1025.0,159.0,129.0731707317073,15.51219512195122,,,,,1,India,0,Kolkata Knight Riders,Wicketkeeper
62,WP Saha,1323.0,1025.0,159.0,129.0731707317073,15.51219512195122,,,,,1,India,0,Chennai Super Kings,Wicketkeeper
62,WP Saha,1323.0,1025.0,159.0,129.0731707317073,15.51219512195122,,,,,1,India,0,Kings Xi Punjab,Wicketkeeper
62,WP Saha,1323.0,1025.0,159.0,129.0731707317073,15.51219512195122,,,,,0,India,0,Kolkata Knight Riders,Batsman
62,WP Saha,1323.0,1025.0,159.0,129.0731707317073,15.51219512195122,,,,,0,India,0,Chennai Super Kings,Batsman
62,WP Saha,1323.0,1025.0,159.0,129.0731707317073,15.51219512195122,,,,,0,India,0,Kings Xi Punjab,Batsman
63,LR Shukla,399.0,358.0,48.0,111.45251396648044,13.40782122905028,15.0,316.0,0.2848101265822785,231.2818125387957,0,India,13,Kolkata Knight Riders,Bowler
63,LR Shukla,399.0,358.0,48.0,111.45251396648044,13.40782122905028,15.0,316.0,0.2848101265822785,231.2818125387957,0,India,13,Delhi Daredevils,Bowler
64,DPMD Jayawardene,1808.0,1522.0,240.0,118.7910643889619,15.768725361366624,,,,,0,Sri Lanka,0,Kings Xi Punjab,Batsman
64,DPMD Jayawardene,1808.0,1522.0,240.0,118.7910643889619,15.768725361366624,,,,,0,Sri Lanka,0,Kochi Tuskers Kerala,Batsman
64,DPMD Jayawardene,1808.0,1522.0,240.0,118.7910643889619,15.768725361366624,,,,,0,Sri Lanka,0,Delhi Daredevils,Batsman
65,S Sohal,368.0,311.0,52.0,118.32797427652731,16.720257234726688,,,,,0,India,0,Kings Xi Punjab,Batsman
65,S Sohal,368.0,311.0,52.0,118.32797427652731,16.720257234726688,,,,,0,India,0,Deccan Chargers,Batsman
66,B Lee,124.0,102.0,16.0,121.5686274509804,15.68627450980392,47.0,894.0,0.3154362416107382,219.29495202336253,0,Australia,15,Kings Xi Punjab,Bowler
66,B Lee,124.0,102.0,16.0,121.5686274509804,15.68627450980392,47.0,894.0,0.3154362416107382,219.29495202336253,0,Australia,15,Kolkata Knight Riders,Bowler
67,PP Chawla,513.0,461.0,64.0,111.27982646420824,13.882863340563992,48.0,2448.0,0.1176470588235294,480.6399132321041,0,India,101,Kings Xi Punjab,Bowler
67,PP Chawla,513.0,461.0,64.0,111.27982646420824,13.882863340563992,48.0,2448.0,0.1176470588235294,480.6399132321041,0,India,101,Kolkata Knight Riders,Bowler
68,WA Mota,56.0,76.0,2.0,73.68421052631578,2.631578947368421,3.0,73.0,0.2465753424657534,239.6198830409357,0,India,4,Kings Xi Punjab,Batsman
69,Kamran Akmal,128.0,78.0,21.0,164.1025641025641,26.923076923076923,,,,,1,Pakistan,0,Rajasthan Royals,Wicketkeeper
70,Shahid Afridi,81.0,46.0,13.0,176.08695652173913,28.26086956521739,13.0,181.0,0.430939226519337,204.06911928651056,0,Pakistan,9,Deccan Chargers,Batsman
71,DJ Bravo,1262.0,1032.0,150.0,122.28682170542636,14.534883720930234,65.0,2047.0,0.1905227161700048,323.5793082886106,0,West Indies,98,Mumbai Indians,All-Rounder
71,DJ Bravo,1262.0,1032.0,150.0,122.28682170542636,14.534883720930234,65.0,2047.0,0.1905227161700048,323.5793082886106,0,West Indies,98,Chennai Super Kings,All-Rounder
71,DJ Bravo,1262.0,1032.0,150.0,122.28682170542636,14.534883720930234,65.0,2047.0,0.1905227161700048,323.5793082886106,0,West Indies,98,Gujarat Lions,All-Rounder
72,MA Khote,24.0,22.0,3.0,109.09090909090908,13.636363636363637,1.0,30.0,0.2,304.54545454545456,0,India,2,Mumbai Indians,Batsman
73,A Nehra,41.0,63.0,4.0,65.07936507936508,6.349206349206349,49.0,1793.0,0.1639709983268265,337.4716553287982,0,India,81,Mumbai Indians,Bowler
73,A Nehra,41.0,63.0,4.0,65.07936507936508,6.349206349206349,49.0,1793.0,0.1639709983268265,337.4716553287982,0,India,81,Delhi Daredevils,Bowler
73,A Nehra,41.0,63.0,4.0,65.07936507936508,6.349206349206349,49.0,1793.0,0.1639709983268265,337.4716553287982,0,India,81,Pune Warriors,Bowler
73,A Nehra,41.0,63.0,4.0,65.07936507936508,6.349206349206349,49.0,1793.0,0.1639709983268265,337.4716553287982,0,India,81,Chennai Super Kings,Bowler
73,A Nehra,41.0,63.0,4.0,65.07936507936508,6.349206349206349,49.0,1793.0,0.1639709983268265,337.4716553287982,0,India,81,Sunrisers Hyderabad,Bowler
74,GC Smith,739.0,690.0,103.0,107.10144927536231,14.92753623188406,,,,,0,South Africa,0,Rajasthan Royals,Batsman
74,GC Smith,739.0,690.0,103.0,107.10144927536231,14.92753623188406,,,,,0,South Africa,0,Pune Warriors,Batsman
76,RR Sarwan,73.0,78.0,7.0,93.5897435897436,8.974358974358974,,,,,0,West Indies,0,Kings Xi Punjab,Batsman
77,S Sreesanth,34.0,57.0,6.0,59.64912280701754,10.526315789473683,58.0,905.0,0.3845303867403314,159.8532970356927,0,India,36,Kings Xi Punjab,Bowler
77,S Sreesanth,34.0,57.0,6.0,59.64912280701754,10.526315789473683,58.0,905.0,0.3845303867403314,159.8532970356927,0,India,36,Kochi Tuskers Kerala,Bowler
77,S Sreesanth,34.0,57.0,6.0,59.64912280701754,10.526315789473683,58.0,905.0,0.3845303867403314,159.8532970356927,0,India,36,Rajasthan Royals,Bowler
79,SS Tiwary,1218.0,1064.0,128.0,114.4736842105263,12.030075187969924,,,,,0,India,0,Mumbai Indians,Batsman
79,SS Tiwary,1218.0,1064.0,128.0,114.4736842105263,12.030075187969924,,,,,0,India,0,Royal Challengers Bangalore,Batsman
79,SS Tiwary,1218.0,1064.0,128.0,114.4736842105263,12.030075187969924,,,,,0,India,0,Delhi Daredevils,Batsman
79,SS Tiwary,1218.0,1064.0,128.0,114.4736842105263,12.030075187969924,,,,,0,India,0,Rising Pune Supergiants,Batsman
80,DS Kulkarni,89.0,99.0,8.0,89.8989898989899,8.080808080808081,51.0,1313.0,0.233054074638233,259.4919786096257,0,India,67,Mumbai Indians,Bowler
80,DS Kulkarni,89.0,99.0,8.0,89.8989898989899,8.080808080808081,51.0,1313.0,0.233054074638233,259.4919786096257,0,India,67,Rajasthan Royals,Bowler
80,DS Kulkarni,89.0,99.0,8.0,89.8989898989899,8.080808080808081,51.0,1313.0,0.233054074638233,259.4919786096257,0,India,67,Gujarat Lions,Bowler
81,R Vinay Kumar,304.0,285.0,29.0,106.66666666666669,10.175438596491228,66.0,2106.0,0.188034188034188,319.24242424242425,0,India,71,Royal Challengers Bangalore,Bowler
81,R Vinay Kumar,304.0,285.0,29.0,106.66666666666669,10.175438596491228,66.0,2106.0,0.188034188034188,319.24242424242425,0,India,71,Kochi Tuskers Kerala,Bowler
81,R Vinay Kumar,304.0,285.0,29.0,106.66666666666669,10.175438596491228,66.0,2106.0,0.188034188034188,319.24242424242425,0,India,71,Mumbai Indians,Bowler
81,R Vinay Kumar,304.0,285.0,29.0,106.66666666666669,10.175438596491228,66.0,2106.0,0.188034188034188,319.24242424242425,0,India,71,Kolkata Knight Riders,Bowler
82,AB Agarkar,179.0,160.0,18.0,111.875,11.25,30.0,791.0,0.2275600505689001,275.65972222222223,0,India,26,Kolkata Knight Riders,Bowler
82,AB Agarkar,179.0,160.0,18.0,111.875,11.25,30.0,791.0,0.2275600505689001,275.65972222222223,0,India,26,Delhi Daredevils,Bowler
83,M Kartik,113.0,109.0,8.0,103.6697247706422,7.339449541284404,36.0,1165.0,0.1854077253218884,321.51078831124704,0,India,25,Kolkata Knight Riders,Bowler
83,M Kartik,113.0,109.0,8.0,103.6697247706422,7.339449541284404,36.0,1165.0,0.1854077253218884,321.51078831124704,0,India,25,Pune Warriors,Bowler
83,M Kartik,113.0,109.0,8.0,103.6697247706422,7.339449541284404,36.0,1165.0,0.1854077253218884,321.51078831124704,0,India,25,Royal Challengers Bangalore,Bowler
83,M Kartik,113.0,109.0,8.0,103.6697247706422,7.339449541284404,36.0,1165.0,0.1854077253218884,321.51078831124704,0,India,25,Kings Xi Punjab,Bowler
84,I Sharma,37.0,46.0,3.0,80.43478260869566,6.521739130434782,89.0,1549.0,0.3447385409941897,185.25484448786847,0,India,50,Kolkata Knight Riders,Bowler
84,I Sharma,37.0,46.0,3.0,80.43478260869566,6.521739130434782,89.0,1549.0,0.3447385409941897,185.25484448786847,0,India,50,Deccan Chargers,Bowler
84,I Sharma,37.0,46.0,3.0,80.43478260869566,6.521739130434782,89.0,1549.0,0.3447385409941897,185.25484448786847,0,India,50,Sunrisers Hyderabad,Bowler
84,I Sharma,37.0,46.0,3.0,80.43478260869566,6.521739130434782,89.0,1549.0,0.3447385409941897,185.25484448786847,0,India,50,Rising Pune Supergiants,Bowler
85,AM Rahane,2675.0,2274.0,336.0,117.63412489006156,14.775725593667548,0.0,6.0,0.0,,0,India,1,Mumbai Indians,Batsman
85,AM Rahane,2675.0,2274.0,336.0,117.63412489006156,14.775725593667548,0.0,6.0,0.0,,0,India,1,Rajasthan Royals,Batsman
85,AM Rahane,2675.0,2274.0,336.0,117.63412489006156,14.775725593667548,0.0,6.0,0.0,,0,India,1,Rising Pune Supergiants,Batsman
86,Shoaib Malik,52.0,49.0,5.0,106.12244897959184,10.20408163265306,4.0,52.0,0.4615384615384615,161.39455782312925,0,Pakistan,2,Delhi Daredevils,Batsman
87,MK Tiwary,1324.0,1202.0,149.0,110.14975041597336,12.396006655574045,0.0,36.0,0.0,inf,0,India,1,Delhi Daredevils,Batsman
87,MK Tiwary,1324.0,1202.0,149.0,110.14975041597336,12.396006655574045,0.0,36.0,0.0,inf,0,India,1,Kolkata Knight Riders,Batsman
88,KD Karthik,2542.0,2092.0,316.0,121.51051625239006,15.105162523900573,,,,,1,India,0,Delhi Daredevils,Wicketkeeper
88,KD Karthik,2542.0,2092.0,316.0,121.51051625239006,15.105162523900573,,,,,1,India,0,Kings Xi Punjab,Wicketkeeper
88,KD Karthik,2542.0,2092.0,316.0,121.51051625239006,15.105162523900573,,,,,1,India,0,Mumbai Indians,Wicketkeeper
88,KD Karthik,2542.0,2092.0,316.0,121.51051625239006,15.105162523900573,,,,,1,India,0,Royal Challengers Bangalore,Wicketkeeper
88,KD Karthik,2542.0,2092.0,316.0,121.51051625239006,15.105162523900573,,,,,1,India,0,Gujarat Lions,Wicketkeeper
88,KD Karthik,2542.0,2092.0,316.0,121.51051625239006,15.105162523900573,,,,,0,India,0,Delhi Daredevils,Batsman
88,KD Karthik,2542.0,2092.0,316.0,121.51051625239006,15.105162523900573,,,,,0,India,0,Kings Xi Punjab,Batsman
88,KD Karthik,2542.0,2092.0,316.0,121.51051625239006,15.105162523900573,,,,,0,India,0,Mumbai Indians,Batsman
88,KD Karthik,2542.0,2092.0,316.0,121.51051625239006,15.105162523900573,,,,,0,India,0,Royal Challengers Bangalore,Batsman
88,KD Karthik,2542.0,2092.0,316.0,121.51051625239006,15.105162523900573,,,,,0,India,0,Gujarat Lions,Batsman
89,R Bhatia,326.0,273.0,36.0,119.41391941391942,13.186813186813188,28.0,1602.0,0.1048689138576779,536.492673992674,0,India,52,Delhi Daredevils,Bowler
89,R Bhatia,326.0,273.0,36.0,119.41391941391942,13.186813186813188,28.0,1602.0,0.1048689138576779,536.492673992674,0,India,52,Kolkata Knight Riders,Bowler
89,R Bhatia,326.0,273.0,36.0,119.41391941391942,13.186813186813188,28.0,1602.0,0.1048689138576779,536.492673992674,0,India,52,Rajasthan Royals,Bowler
89,R Bhatia,326.0,273.0,36.0,119.41391941391942,13.186813186813188,28.0,1602.0,0.1048689138576779,536.492673992674,0,India,52,Rising Pune Supergiants,Bowler
90,MF Maharoof,177.0,124.0,21.0,142.74193548387098,16.93548387096774,19.0,425.0,0.268235294117647,257.7744765138653,0,India,27,Delhi Daredevils,Bowler
91,VY Mahesh,15.0,28.0,0.0,53.57142857142857,0.0,32.0,351.0,0.5470085470085471,118.19196428571428,0,India,18,Delhi Daredevils,Bowler
91,VY Mahesh,15.0,28.0,0.0,53.57142857142857,0.0,32.0,351.0,0.5470085470085471,118.19196428571428,0,India,18,Chennai Super Kings,Bowler
93,B Chipli,280.0,256.0,35.0,109.375,13.671875,0.0,6.0,0.0,,0,India,0,Royal Challengers Bangalore,Batsman
93,B Chipli,280.0,256.0,35.0,109.375,13.671875,0.0,6.0,0.0,,0,India,0,Deccan Chargers,Batsman
93,B Chipli,280.0,256.0,35.0,109.375,13.671875,0.0,6.0,0.0,,0,India,0,Delhi Daredevils,Batsman
94,DW Steyn,166.0,161.0,17.0,103.1055900621118,10.559006211180124,62.0,2083.0,0.1785885741718675,331.5259133106258,0,South Africa,66,Royal Challengers Bangalore,Bowler
94,DW Steyn,166.0,161.0,17.0,103.1055900621118,10.559006211180124,62.0,2083.0,0.1785885741718675,331.5259133106258,0,South Africa,66,Deccan Chargers,Bowler
94,DW Steyn,166.0,161.0,17.0,103.1055900621118,10.559006211180124,62.0,2083.0,0.1785885741718675,331.5259133106258,0,South Africa,66,Sunrisers Hyderabad,Bowler
94,DW Steyn,166.0,161.0,17.0,103.1055900621118,10.559006211180124,62.0,2083.0,0.1785885741718675,331.5259133106258,0,South Africa,66,Gujarat Lions,Bowler
95,DB Das,304.0,267.0,39.0,113.85767790262172,14.606741573033707,,,,,0,India,0,Kolkata Knight Riders,Batsman
95,DB Das,304.0,267.0,39.0,113.85767790262172,14.606741573033707,,,,,1,India,0,Kolkata Knight Riders,Wicketkeeper
96,MK Pandey,1827.0,1586.0,222.0,115.19546027742749,13.997477931904164,,,,,0,India,0,Mumbai Indians,Batsman
96,MK Pandey,1827.0,1586.0,222.0,115.19546027742749,13.997477931904164,,,,,0,India,0,Royal Challengers Bangalore,Batsman
96,MK Pandey,1827.0,1586.0,222.0,115.19546027742749,13.997477931904164,,,,,0,India,0,Pune Warriors,Batsman
96,MK Pandey,1827.0,1586.0,222.0,115.19546027742749,13.997477931904164,,,,,0,India,0,Kolkata Knight Riders,Batsman
97,HH Gibbs,886.0,837.0,114.0,105.8542413381123,13.620071684587815,,,,,0,South Africa,0,Deccan Chargers,Batsman
97,HH Gibbs,886.0,837.0,114.0,105.8542413381123,13.620071684587815,,,,,0,South Africa,0,Mumbai Indians,Batsman
100,SE Marsh,2225.0,1715.0,306.0,129.73760932944606,17.84256559766764,,,,,0,Australia,0,Kings Xi Punjab,Batsman
101,SA Asnodkar,423.0,352.0,66.0,120.17045454545456,18.75,,,,,0,India,0,Rajasthan Royals,Batsman
102,Sohail Tanvir,36.0,31.0,4.0,116.12903225806453,12.903225806451612,10.0,248.0,0.2419354838709677,264.73118279569894,0,Pakistan,22,Rajasthan Royals,Bowler
103,Salman Butt,193.0,172.0,32.0,112.2093023255814,18.6046511627907,,,,,0,Pakistan,0,Kolkata Knight Riders,Batsman
104,BJ Hodge,1400.0,1153.0,165.0,121.42237640936686,14.310494362532523,6.0,234.0,0.1538461538461538,385.7111882046834,0,Australia,16,Kolkata Knight Riders,All-Rounder
104,BJ Hodge,1400.0,1153.0,165.0,121.42237640936686,14.310494362532523,6.0,234.0,0.1538461538461538,385.7111882046834,0,Australia,16,Kochi Tuskers Kerala,All-Rounder
104,BJ Hodge,1400.0,1153.0,165.0,121.42237640936686,14.310494362532523,6.0,234.0,0.1538461538461538,385.7111882046834,0,Australia,16,Rajasthan Royals,All-Rounder
106,AB Dinda,19.0,42.0,1.0,45.23809523809524,2.380952380952381,52.0,1482.0,0.2105263157894736,260.1190476190476,0,India,54,Kolkata Knight Riders,Bowler
106,AB Dinda,19.0,42.0,1.0,45.23809523809524,2.380952380952381,52.0,1482.0,0.2105263157894736,260.1190476190476,0,India,54,Delhi Daredevils,Bowler
106,AB Dinda,19.0,42.0,1.0,45.23809523809524,2.380952380952381,52.0,1482.0,0.2105263157894736,260.1190476190476,0,India,54,Pune Warriors,Bowler
106,AB Dinda,19.0,42.0,1.0,45.23809523809524,2.380952380952381,52.0,1482.0,0.2105263157894736,260.1190476190476,0,India,54,Royal Challengers Bangalore,Bowler
106,AB Dinda,19.0,42.0,1.0,45.23809523809524,2.380952380952381,52.0,1482.0,0.2105263157894736,260.1190476190476,0,India,54,Rising Pune Supergiants,Bowler
107,SP Fleming,196.0,171.0,30.0,114.61988304093566,17.543859649122805,,,,,0,New Zealand,0,Chennai Super Kings,Batsman
108,S Vidyut,145.0,115.0,24.0,126.08695652173914,20.869565217391305,0.0,12.0,0.0,,0,India,1,Chennai Super Kings,Batsman
109,JA Morkel,975.0,712.0,116.0,136.938202247191,16.292134831460675,64.0,1753.0,0.2190530519110096,296.72430945692884,0,South Africa,71,Chennai Super Kings,Bowler
109,JA Morkel,975.0,712.0,116.0,136.938202247191,16.292134831460675,64.0,1753.0,0.2190530519110096,296.72430945692884,0,South Africa,71,Delhi Daredevils,Bowler
109,JA Morkel,975.0,712.0,116.0,136.938202247191,16.292134831460675,64.0,1753.0,0.2190530519110096,296.72430945692884,0,South Africa,71,Rising Pune Supergiants,Bowler
109,JA Morkel,975.0,712.0,116.0,136.938202247191,16.292134831460675,64.0,1753.0,0.2190530519110096,296.72430945692884,0,South Africa,71,Royal Challengers Bangalore,Bowler
110,AB de Villiers,3270.0,2231.0,417.0,146.57104437471986,18.69116987897804,,,,,0,South Africa,0,Delhi Daredevils,Batsman
110,AB de Villiers,3270.0,2231.0,417.0,146.57104437471986,18.69116987897804,,,,,0,South Africa,0,Royal Challengers Bangalore,Batsman
110,AB de Villiers,3270.0,2231.0,417.0,146.57104437471986,18.69116987897804,,,,,1,South Africa,0,Delhi Daredevils,Wicketkeeper
110,AB de Villiers,3270.0,2231.0,417.0,146.57104437471986,18.69116987897804,,,,,1,South Africa,0,Royal Challengers Bangalore,Wicketkeeper
111,LPC Silva,40.0,27.0,6.0,148.14814814814815,22.22222222222222,0.0,6.0,0.0,,0,Sri Lanka,0,Deccan Chargers,Batsman
112,DB Ravi Teja,375.0,325.0,44.0,115.38461538461536,13.538461538461538,0.0,18.0,0.0,inf,0,India,1,Deccan Chargers,Batsman
112,DB Ravi Teja,375.0,325.0,44.0,115.38461538461536,13.538461538461538,0.0,18.0,0.0,inf,0,India,1,Sunrisers Hyderabad,Batsman
113,Misbah-ul-Haq,117.0,82.0,16.0,142.6829268292683,19.51219512195122,,,,,0,Pakistan,0,Royal Challengers Bangalore,Batsman
114,YV Takawale,192.0,183.0,29.0,104.91803278688523,15.846994535519126,,,,,1,India,0,Mumbai Indians,Wicketkeeper
114,YV Takawale,192.0,183.0,29.0,104.91803278688523,15.846994535519126,,,,,1,India,0,Royal Challengers Bangalore,Wicketkeeper
114,YV Takawale,192.0,183.0,29.0,104.91803278688523,15.846994535519126,,,,,0,India,0,Mumbai Indians,Batsman
114,YV Takawale,192.0,183.0,29.0,104.91803278688523,15.846994535519126,,,,,0,India,0,Royal Challengers Bangalore,Batsman
116,PJ Sangwan,22.0,32.0,1.0,68.75,3.125,34.0,689.0,0.2960812772133527,203.24754901960785,0,India,29,Delhi Daredevils,Bowler
116,PJ Sangwan,22.0,32.0,1.0,68.75,3.125,34.0,689.0,0.2960812772133527,203.24754901960785,0,India,29,Kolkata Knight Riders,Bowler
116,PJ Sangwan,22.0,32.0,1.0,68.75,3.125,34.0,689.0,0.2960812772133527,203.24754901960785,0,India,29,Gujarat Lions,Bowler
119,Joginder Sharma,36.0,30.0,3.0,120.0,10.0,29.0,263.0,0.6615969581749049,135.57471264367817,0,India,12,Chennai Super Kings,Bowler
120,MS Gony,99.0,76.0,14.0,130.26315789473685,18.421052631578945,21.0,889.0,0.1417322834645669,417.9093567251462,0,India,30,Chennai Super Kings,Bowler
120,MS Gony,99.0,76.0,14.0,130.26315789473685,18.421052631578945,21.0,889.0,0.1417322834645669,417.9093567251462,0,India,30,Deccan Chargers,Bowler
120,MS Gony,99.0,76.0,14.0,130.26315789473685,18.421052631578945,21.0,889.0,0.1417322834645669,417.9093567251462,0,India,30,Kings Xi Punjab,Bowler
121,M Muralitharan,20.0,30.0,1.0,66.66666666666666,3.333333333333333,46.0,1536.0,0.1796875,311.5942028985507,0,Sri Lanka,48,Chennai Super Kings,Bowler
121,M Muralitharan,20.0,30.0,1.0,66.66666666666666,3.333333333333333,46.0,1536.0,0.1796875,311.5942028985507,0,Sri Lanka,48,Kochi Tuskers Kerala,Bowler
121,M Muralitharan,20.0,30.0,1.0,66.66666666666666,3.333333333333333,46.0,1536.0,0.1796875,311.5942028985507,0,Sri Lanka,48,Royal Challengers Bangalore,Bowler
124,A Kumble,35.0,49.0,3.0,71.42857142857143,6.122448979591836,43.0,970.0,0.2659793814432989,223.6987818383168,0,India,45,Royal Challengers Bangalore,Bowler
125,S Anirudha,136.0,121.0,16.0,112.39669421487604,13.223140495867767,,,,,0,India,0,Chennai Super Kings,Batsman
125,S Anirudha,136.0,121.0,16.0,112.39669421487604,13.223140495867767,,,,,0,India,0,Sunrisers Hyderabad,Batsman
126,MM Patel,39.0,40.0,5.0,97.5,12.5,51.0,1328.0,0.2304216867469879,265.7434640522876,0,India,55,Rajasthan Royals,Bowler
126,MM Patel,39.0,40.0,5.0,97.5,12.5,51.0,1328.0,0.2304216867469879,265.7434640522876,0,India,55,Mumbai Indians,Bowler
127,CK Kapugedera,16.0,24.0,0.0,66.66666666666666,0.0,0.0,17.0,0.0,inf,0,Sri Lanka,0,Chennai Super Kings,Batsman
128,A Chopra,53.0,75.0,7.0,70.66666666666667,9.333333333333334,,,,,0,India,0,Kolkata Knight Riders,Batsman
129,T Taibu,31.0,26.0,3.0,119.23076923076924,11.538461538461538,,,,,0,Zimbabwea,0,Kolkata Knight Riders,Batsman
130,J Arunkumar,23.0,24.0,5.0,95.83333333333334,20.833333333333336,,,,,0,India,0,Royal Challengers Bangalore,Batsman
131,PP Ojha,16.0,45.0,0.0,35.55555555555556,0.0,64.0,1909.0,0.2011524358302776,266.34548611111114,0,India,76,Deccan Chargers,Bowler
131,PP Ojha,16.0,45.0,0.0,35.55555555555556,0.0,64.0,1909.0,0.2011524358302776,266.34548611111114,0,India,76,Mumbai Indians,Bowler
132,SP Goswami,241.0,260.0,28.0,92.6923076923077,10.76923076923077,,,,,1,India,0,Royal Challengers Bangalore,Wicketkeeper
132,SP Goswami,241.0,260.0,28.0,92.6923076923077,10.76923076923077,,,,,1,India,0,Kolkata Knight Riders,Wicketkeeper
132,SP Goswami,241.0,260.0,28.0,92.6923076923077,10.76923076923077,,,,,1,India,0,Rajasthan Royals,Wicketkeeper
132,SP Goswami,241.0,260.0,28.0,92.6923076923077,10.76923076923077,,,,,0,India,0,Royal Challengers Bangalore,Batsman
132,SP Goswami,241.0,260.0,28.0,92.6923076923077,10.76923076923077,,,,,0,India,0,Kolkata Knight Riders,Batsman
132,SP Goswami,241.0,260.0,28.0,92.6923076923077,10.76923076923077,,,,,0,India,0,Rajasthan Royals,Batsman
133,SR Tendulkar,2329.0,2043.0,324.0,113.9990210474792,15.859030837004406,1.0,36.0,0.1666666666666666,356.9995105237396,0,India,0,Mumbai Indians,Batsman
135,TM Dilshan,1153.0,1047.0,164.0,110.12416427889208,15.663801337153776,1.0,273.0,0.0219780219780219,2330.062082139446,0,Sri Lanka,5,Delhi Daredevils,All-Rounder
135,TM Dilshan,1153.0,1047.0,164.0,110.12416427889208,15.663801337153776,1.0,273.0,0.0219780219780219,2330.062082139446,0,Sri Lanka,5,Royal Challengers Bangalore,All-Rounder
136,A Mishra,291.0,326.0,28.0,89.2638036809816,8.588957055214724,71.0,2431.0,0.1752365281777046,329.9605403381434,0,India,100,Delhi Daredevils,Bowler
136,A Mishra,291.0,326.0,28.0,89.2638036809816,8.588957055214724,71.0,2431.0,0.1752365281777046,329.9605403381434,0,India,100,Deccan Chargers,Bowler
136,A Mishra,291.0,326.0,28.0,89.2638036809816,8.588957055214724,71.0,2431.0,0.1752365281777046,329.9605403381434,0,India,100,Sunrisers Hyderabad,Bowler
137,AD Mascarenhas,79.0,79.0,6.0,100.0,7.59493670886076,4.0,309.0,0.0776699029126213,693.75,0,England,12,Rajasthan Royals,Bowler
137,AD Mascarenhas,79.0,79.0,6.0,100.0,7.59493670886076,4.0,309.0,0.0776699029126213,693.75,0,England,12,Kings Xi Punjab,Bowler
138,NK Patel,121.0,124.0,15.0,97.58064516129032,12.096774193548388,,,,,0,India,0,Rajasthan Royals,Batsman
139,LA Pomersbach,302.0,251.0,38.0,120.3187250996016,15.139442231075698,,,,,0,Australia,0,Kings Xi Punjab,Batsman
139,LA Pomersbach,302.0,251.0,38.0,120.3187250996016,15.139442231075698,,,,,0,Australia,0,Royal Challengers Bangalore,Batsman
140,Iqbal Abdulla,83.0,79.0,10.0,105.0632911392405,12.658227848101266,13.0,892.0,0.0874439461883408,624.326517364492,0,India,34,Kolkata Knight Riders,Bowler
140,Iqbal Abdulla,83.0,79.0,10.0,105.0632911392405,12.658227848101266,13.0,892.0,0.0874439461883408,624.326517364492,0,India,34,Royal Challengers Bangalore,Bowler
140,Iqbal Abdulla,83.0,79.0,10.0,105.0632911392405,12.658227848101266,13.0,892.0,0.0874439461883408,624.326517364492,0,India,34,Rajasthan Royals,Bowler
147,DR Smith,2146.0,1645.0,322.0,130.45592705167172,19.574468085106385,16.0,465.0,0.2064516129032258,307.4154635258359,0,West Indies,22,Mumbai Indians,All-Rounder
147,DR Smith,2146.0,1645.0,322.0,130.45592705167172,19.574468085106385,16.0,465.0,0.2064516129032258,307.4154635258359,0,West Indies,22,Deccan Chargers,All-Rounder
147,DR Smith,2146.0,1645.0,322.0,130.45592705167172,19.574468085106385,16.0,465.0,0.2064516129032258,307.4154635258359,0,West Indies,22,Chennai Super Kings,All-Rounder
147,DR Smith,2146.0,1645.0,322.0,130.45592705167172,19.574468085106385,16.0,465.0,0.2064516129032258,307.4154635258359,0,West Indies,22,Gujarat Lions,All-Rounder
148,SD Chitnis,99.0,92.0,12.0,107.6086956521739,13.043478260869565,2.0,36.0,0.3333333333333333,203.8043478260869,0,India,2,Mumbai Indians,Batsman
148,SD Chitnis,99.0,92.0,12.0,107.6086956521739,13.043478260869565,2.0,36.0,0.3333333333333333,203.8043478260869,0,India,2,Rajasthan Royals,Batsman
148,SD Chitnis,99.0,92.0,12.0,107.6086956521739,13.043478260869565,2.0,36.0,0.3333333333333333,203.8043478260869,0,India,2,Kings Xi Punjab,Batsman
151,L Balaji,36.0,50.0,3.0,72.0,6.0,56.0,1530.0,0.2196078431372549,263.67857142857144,0,India,61,Chennai Super Kings,Bowler
151,L Balaji,36.0,50.0,3.0,72.0,6.0,56.0,1530.0,0.2196078431372549,263.67857142857144,0,India,61,Kolkata Knight Riders,Bowler
151,L Balaji,36.0,50.0,3.0,72.0,6.0,56.0,1530.0,0.2196078431372549,263.67857142857144,0,India,61,Kings Xi Punjab,Bowler
152,A Mukund,19.0,23.0,1.0,82.6086956521739,4.3478260869565215,,,,,0,India,0,Chennai Super Kings,Batsman
152,A Mukund,19.0,23.0,1.0,82.6086956521739,4.3478260869565215,,,,,0,India,0,Royal Challengers Bangalore,Batsman
153,RR Powar,67.0,64.0,7.0,104.6875,10.9375,12.0,427.0,0.1686182669789227,348.87152777777777,0,India,13,Kings Xi Punjab,Bowler
153,RR Powar,67.0,64.0,7.0,104.6875,10.9375,12.0,427.0,0.1686182669789227,348.87152777777777,0,India,13,Kochi Tuskers Kerala,Bowler
154,JP Duminy,1993.0,1634.0,201.0,121.97062423500611,12.30110159118727,13.0,666.0,0.1171171171171171,487.90838904058,0,South Africa,22,Mumbai Indians,All-Rounder
154,JP Duminy,1993.0,1634.0,201.0,121.97062423500611,12.30110159118727,13.0,666.0,0.1171171171171171,487.90838904058,0,South Africa,22,Deccan Chargers,All-Rounder
154,JP Duminy,1993.0,1634.0,201.0,121.97062423500611,12.30110159118727,13.0,666.0,0.1171171171171171,487.90838904058,0,South Africa,22,Delhi Daredevils,All-Rounder
155,A Flintoff,62.0,57.0,7.0,108.7719298245614,12.280701754385964,1.0,66.0,0.0909090909090909,604.3859649122807,0,England,2,Chennai Super Kings,Batsman
157,JD Ryder,604.0,466.0,88.0,129.6137339055794,18.88412017167382,7.0,237.0,0.1772151898734177,346.94972409564684,0,New Zealand,7,Royal Challengers Bangalore,All-Rounder
157,JD Ryder,604.0,466.0,88.0,129.6137339055794,18.88412017167382,7.0,237.0,0.1772151898734177,346.94972409564684,0,New Zealand,7,Pune Warriors,All-Rounder
158,KP Pietersen,1001.0,758.0,131.0,132.05804749340368,17.282321899736147,3.0,178.0,0.1011235955056179,560.4734681911463,0,South Africa,7,Royal Challengers Bangalore,All-Rounder
158,KP Pietersen,1001.0,758.0,131.0,132.05804749340368,17.282321899736147,3.0,178.0,0.1011235955056179,560.4734681911463,0,South Africa,7,Delhi Daredevils,All-Rounder
158,KP Pietersen,1001.0,758.0,131.0,132.05804749340368,17.282321899736147,3.0,178.0,0.1011235955056179,560.4734681911463,0,South Africa,7,Rising Pune Supergiants,All-Rounder
161,RS Bopara,531.0,468.0,55.0,113.46153846153844,11.752136752136751,9.0,206.0,0.2621359223300971,247.47150997151,0,England,11,Kings Xi Punjab,Bowler
161,RS Bopara,531.0,468.0,55.0,113.46153846153844,11.752136752136751,9.0,206.0,0.2621359223300971,247.47150997151,0,England,11,Sunrisers Hyderabad,Bowler
162,CH Gayle,3447.0,2360.0,533.0,146.0593220338983,22.584745762711865,30.0,554.0,0.3249097472924188,226.91854990583803,0,West Indies,18,Kolkata Knight Riders,Batsman
162,CH Gayle,3447.0,2360.0,533.0,146.0593220338983,22.584745762711865,30.0,554.0,0.3249097472924188,226.91854990583803,0,West Indies,18,Royal Challengers Bangalore,Batsman
163,MC Henriques,692.0,564.0,82.0,122.69503546099293,14.53900709219858,10.0,748.0,0.0802139037433155,684.6808510638298,0,Australia,33,Kolkata Knight Riders,Bowler
163,MC Henriques,692.0,564.0,82.0,122.69503546099293,14.53900709219858,10.0,748.0,0.0802139037433155,684.6808510638298,0,Australia,33,Delhi Daredevils,Bowler
163,MC Henriques,692.0,564.0,82.0,122.69503546099293,14.53900709219858,10.0,748.0,0.0802139037433155,684.6808510638298,0,Australia,33,Royal Challengers Bangalore,Bowler
163,MC Henriques,692.0,564.0,82.0,122.69503546099293,14.53900709219858,10.0,748.0,0.0802139037433155,684.6808510638298,0,Australia,33,Sunrisers Hyderabad,Bowler
166,KV Sharma,268.0,243.0,25.0,110.2880658436214,10.2880658436214,27.0,850.0,0.1905882352941176,317.4897119341564,0,India,32,Royal Challengers Bangalore,Bowler
166,KV Sharma,268.0,243.0,25.0,110.2880658436214,10.2880658436214,27.0,850.0,0.1905882352941176,317.4897119341564,0,India,32,Sunrisers Hyderabad,Bowler
167,PC Valthaty,501.0,432.0,80.0,115.97222222222224,18.51851851851852,2.0,151.0,0.0794701986754966,687.1527777777778,0,India,7,Rajasthan Royals,All-Rounder
167,PC Valthaty,501.0,432.0,80.0,115.97222222222224,18.51851851851852,2.0,151.0,0.0794701986754966,687.1527777777778,0,India,7,Kings Xi Punjab,All-Rounder
168,RJ Quiney,103.0,105.0,15.0,98.09523809523807,14.285714285714285,,,,,0,Australia,0,Rajasthan Royals,Batsman
169,AS Raut,194.0,172.0,20.0,112.7906976744186,11.627906976744184,1.0,30.0,0.2,306.3953488372093,0,India,0,Rajasthan Royals,Batsman
170,Yashpal Singh,47.0,67.0,5.0,70.1492537313433,7.462686567164178,,,,,0,India,0,Kolkata Knight Riders,Batsman
171,M Manhas,514.0,486.0,53.0,105.76131687242798,10.905349794238685,0.0,42.0,0.0,inf,0,India,0,Delhi Daredevils,Batsman
171,M Manhas,514.0,486.0,53.0,105.76131687242798,10.905349794238685,0.0,42.0,0.0,inf,0,India,0,Pune Warriors,Batsman
171,M Manhas,514.0,486.0,53.0,105.76131687242798,10.905349794238685,0.0,42.0,0.0,inf,0,India,0,Chennai Super Kings,Batsman
172,AA Bilakhia,69.0,88.0,5.0,78.4090909090909,5.681818181818182,,,,,0,India,0,Deccan Chargers,Batsman
175,DL Vettori,121.0,118.0,13.0,102.54237288135592,11.016949152542372,10.0,779.0,0.0770218228498074,700.4378531073447,0,New Zealand,23,Delhi Daredevils,Bowler
175,DL Vettori,121.0,118.0,13.0,102.54237288135592,11.016949152542372,10.0,779.0,0.0770218228498074,700.4378531073447,0,New Zealand,23,Royal Challengers Bangalore,Bowler
176,MN van Wyk,167.0,135.0,20.0,123.7037037037037,14.814814814814811,,,,,1,South Africa,0,Kolkata Knight Riders,Wicketkeeper
177,RE van der Merwe,159.0,144.0,19.0,110.41666666666669,13.194444444444445,17.0,443.0,0.2302483069977426,272.3651960784313,0,South Africa,20,Royal Challengers Bangalore,Bowler
177,RE van der Merwe,159.0,144.0,19.0,110.41666666666669,13.194444444444445,17.0,443.0,0.2302483069977426,272.3651960784313,0,South Africa,20,Delhi Daredevils,Bowler
178,TL Suman,676.0,587.0,81.0,115.1618398637138,13.798977853492334,4.0,152.0,0.1578947368421052,374.2475865985235,0,India,6,Deccan Chargers,All-Rounder
178,TL Suman,676.0,587.0,81.0,115.1618398637138,13.798977853492334,4.0,152.0,0.1578947368421052,374.2475865985235,0,India,6,Mumbai Indians,All-Rounder
178,TL Suman,676.0,587.0,81.0,115.1618398637138,13.798977853492334,4.0,152.0,0.1578947368421052,374.2475865985235,0,India,6,Pune Warriors,All-Rounder
182,LA Carseldine,81.0,71.0,11.0,114.08450704225352,15.492957746478872,0.0,6.0,0.0,,0,Australia,1,Rajasthan Royals,Batsman
183,NV Ojha,1474.0,1286.0,195.0,114.6189735614308,15.163297045101087,,,,,1,India,0,Rajasthan Royals,Wicketkeeper
183,NV Ojha,1474.0,1286.0,195.0,114.6189735614308,15.163297045101087,,,,,1,India,0,Delhi Daredevils,Wicketkeeper
183,NV Ojha,1474.0,1286.0,195.0,114.6189735614308,15.163297045101087,,,,,1,India,0,Sunrisers Hyderabad,Wicketkeeper
185,M Vijay,2511.0,2092.0,326.0,120.02868068833652,15.583173996175908,0.0,36.0,0.0,inf,0,India,0,Chennai Super Kings,Batsman
185,M Vijay,2511.0,2092.0,326.0,120.02868068833652,15.583173996175908,0.0,36.0,0.0,inf,0,India,0,Kings Xi Punjab,Batsman
185,M Vijay,2511.0,2092.0,326.0,120.02868068833652,15.583173996175908,0.0,36.0,0.0,inf,0,India,0,Delhi Daredevils,Batsman
186,SB Jakati,28.0,30.0,3.0,93.33333333333331,10.0,25.0,1059.0,0.141643059490085,399.6666666666667,0,India,38,Chennai Super Kings,Bowler
186,SB Jakati,28.0,30.0,3.0,93.33333333333331,10.0,25.0,1059.0,0.141643059490085,399.6666666666667,0,India,38,Gujarat Lions,Bowler
186,SB Jakati,28.0,30.0,3.0,93.33333333333331,10.0,25.0,1059.0,0.141643059490085,399.6666666666667,0,India,38,Royal Challengers Bangalore,Bowler
187,DA Warner,3373.0,2440.0,472.0,138.2377049180328,19.34426229508197,,,,,0,Australia,0,Delhi Daredevils,Batsman
187,DA Warner,3373.0,2440.0,472.0,138.2377049180328,19.34426229508197,,,,,0,Australia,0,Sunrisers Hyderabad,Batsman
188,RJ Harris,117.0,112.0,9.0,104.46428571428572,8.035714285714286,33.0,836.0,0.2368421052631578,263.343253968254,0,Australia,36,Deccan Chargers,Bowler
188,RJ Harris,117.0,112.0,9.0,104.46428571428572,8.035714285714286,33.0,836.0,0.2368421052631578,263.343253968254,0,Australia,36,Kings Xi Punjab,Bowler
190,M Morkel,126.0,93.0,16.0,135.48387096774192,17.20430107526882,49.0,1654.0,0.1777509068923821,349.0344524906737,0,South Africa,50,Rajasthan Royals,Bowler
190,M Morkel,126.0,93.0,16.0,135.48387096774192,17.20430107526882,49.0,1654.0,0.1777509068923821,349.0344524906737,0,South Africa,50,Delhi Daredevils,Bowler
190,M Morkel,126.0,93.0,16.0,135.48387096774192,17.20430107526882,49.0,1654.0,0.1777509068923821,349.0344524906737,0,South Africa,50,Kolkata Knight Riders,Bowler
191,AD Mathews,692.0,571.0,70.0,121.1908931698774,12.259194395796849,12.0,764.0,0.094240837696335,591.1510021404943,0,Sri Lanka,19,Kolkata Knight Riders,Bowler
191,AD Mathews,692.0,571.0,70.0,121.1908931698774,12.259194395796849,12.0,764.0,0.094240837696335,591.1510021404943,0,Sri Lanka,19,Pune Warriors,Bowler
191,AD Mathews,692.0,571.0,70.0,121.1908931698774,12.259194395796849,12.0,764.0,0.094240837696335,591.1510021404943,0,Sri Lanka,19,Delhi Daredevils,Bowler
192,J Botha,409.0,364.0,44.0,112.36263736263736,12.087912087912088,10.0,699.0,0.0858369098712446,638.6813186813187,0,South Africa,14,Rajasthan Royals,Bowler
192,J Botha,409.0,364.0,44.0,112.36263736263736,12.087912087912088,10.0,699.0,0.0858369098712446,638.6813186813187,0,South Africa,14,Delhi Daredevils,Bowler
192,J Botha,409.0,364.0,44.0,112.36263736263736,12.087912087912088,10.0,699.0,0.0858369098712446,638.6813186813187,0,South Africa,14,Kolkata Knight Riders,Bowler
194,SL Malinga,81.0,100.0,10.0,81.0,10.0,105.0,2318.0,0.271786022433132,224.46825396825395,0,Sri Lanka,120,Mumbai Indians,Bowler
197,GJ Bailey,663.0,552.0,78.0,120.1086956521739,14.130434782608695,,,,,0,Australia,0,Chennai Super Kings,Batsman
197,GJ Bailey,663.0,552.0,78.0,120.1086956521739,14.130434782608695,,,,,0,Australia,0,Kings Xi Punjab,Batsman
197,GJ Bailey,663.0,552.0,78.0,120.1086956521739,14.130434782608695,,,,,0,Australia,0,Rising Pune Supergiants,Batsman
198,AB McDonald,123.0,103.0,13.0,119.41747572815532,12.62135922330097,0.0,187.0,0.0,inf,0,Australia,5,Delhi Daredevils,All-Rounder
198,AB McDonald,123.0,103.0,13.0,119.41747572815532,12.62135922330097,0.0,187.0,0.0,inf,0,Australia,5,Royal Challengers Bangalore,All-Rounder
199,Y Nagar,285.0,271.0,29.0,105.1660516605166,10.70110701107011,6.0,71.0,0.5070422535211268,151.1941369413694,0,India,4,Delhi Daredevils,Batsman
201,R Ashwin,231.0,245.0,24.0,94.28571428571428,9.79591836734694,42.0,2299.0,0.1096128751631144,503.2936507936509,0,India,79,Chennai Super Kings,Bowler
201,R Ashwin,231.0,245.0,24.0,94.28571428571428,9.79591836734694,42.0,2299.0,0.1096128751631144,503.2936507936509,0,India,79,Rising Pune Supergiants,Bowler
203,CA Pujara,390.0,403.0,54.0,96.7741935483871,13.399503722084368,,,,,0,India,0,Kolkata Knight Riders,Batsman
203,CA Pujara,390.0,403.0,54.0,96.7741935483871,13.399503722084368,,,,,0,India,0,Royal Challengers Bangalore,Batsman
203,CA Pujara,390.0,403.0,54.0,96.7741935483871,13.399503722084368,,,,,0,India,0,Kings Xi Punjab,Batsman
204,OA Shah,506.0,405.0,57.0,124.93827160493828,14.074074074074074,,,,,0,England,0,Kolkata Knight Riders,Batsman
204,OA Shah,506.0,405.0,57.0,124.93827160493828,14.074074074074074,,,,,0,England,0,Kochi Tuskers Kerala,Batsman
204,OA Shah,506.0,405.0,57.0,124.93827160493828,14.074074074074074,,,,,0,England,0,Rajasthan Royals,Batsman
205,Anirudh Singh,63.0,69.0,7.0,91.30434782608695,10.144927536231885,,,,,0,India,0,Deccan Chargers,Batsman
207,AP Tare,321.0,260.0,48.0,123.46153846153848,18.461538461538463,,,,,1,India,0,Mumbai Indians,Wicketkeeper
207,AP Tare,321.0,260.0,48.0,123.46153846153848,18.461538461538463,,,,,1,India,0,Sunrisers Hyderabad,Wicketkeeper
207,AP Tare,321.0,260.0,48.0,123.46153846153848,18.461538461538463,,,,,0,India,0,Mumbai Indians,Batsman
207,AP Tare,321.0,260.0,48.0,123.46153846153848,18.461538461538463,,,,,0,India,0,Sunrisers Hyderabad,Batsman
208,AT Rayudu,2325.0,1884.0,274.0,123.4076433121019,14.54352441613588,,,,,0,India,0,Mumbai Indians,Batsman
208,AT Rayudu,2325.0,1884.0,274.0,123.4076433121019,14.54352441613588,,,,,1,India,0,Mumbai Indians,Wicketkeeper
209,R Sathish,270.0,236.0,28.0,114.40677966101696,11.864406779661016,0.0,139.0,0.0,inf,0,India,3,Mumbai Indians,Batsman
209,R Sathish,270.0,236.0,28.0,114.40677966101696,11.864406779661016,0.0,139.0,0.0,inf,0,India,3,Kings Xi Punjab,Batsman
209,R Sathish,270.0,236.0,28.0,114.40677966101696,11.864406779661016,0.0,139.0,0.0,inf,0,India,3,Kolkata Knight Riders,Batsman
210,R McLaren,159.0,178.0,15.0,89.32584269662921,8.426966292134832,26.0,359.0,0.4345403899721448,159.72702391241717,0,South Africa,11,Mumbai Indians,Bowler
210,R McLaren,159.0,178.0,15.0,89.32584269662921,8.426966292134832,26.0,359.0,0.4345403899721448,159.72702391241717,0,South Africa,11,Kings Xi Punjab,Bowler
210,R McLaren,159.0,178.0,15.0,89.32584269662921,8.426966292134832,26.0,359.0,0.4345403899721448,159.72702391241717,0,South Africa,11,Kolkata Knight Riders,Bowler
211,AA Jhunjhunwala,217.0,218.0,24.0,99.54128440366972,11.009174311926609,0.0,85.0,0.0,inf,0,India,0,Rajasthan Royals,Batsman
211,AA Jhunjhunwala,217.0,218.0,24.0,99.54128440366972,11.009174311926609,0.0,85.0,0.0,inf,0,India,0,Pune Warriors,Batsman
211,AA Jhunjhunwala,217.0,218.0,24.0,99.54128440366972,11.009174311926609,0.0,85.0,0.0,inf,0,India,0,Deccan Chargers,Batsman
212,P Dogra,127.0,141.0,9.0,90.0709219858156,6.382978723404255,,,,,0,India,0,Rajasthan Royals,Batsman
212,P Dogra,127.0,141.0,9.0,90.0709219858156,6.382978723404255,,,,,0,India,0,Kings Xi Punjab,Batsman
212,P Dogra,127.0,141.0,9.0,90.0709219858156,6.382978723404255,,,,,0,India,0,Kolkata Knight Riders,Batsman
214,MS Bisla,798.0,737.0,116.0,108.27679782903662,15.739484396200815,,,,,0,India,0,Kings Xi Punjab,Batsman
214,MS Bisla,798.0,737.0,116.0,108.27679782903662,15.739484396200815,,,,,0,India,0,Kolkata Knight Riders,Batsman
214,MS Bisla,798.0,737.0,116.0,108.27679782903662,15.739484396200815,,,,,0,India,0,Royal Challengers Bangalore,Batsman
214,MS Bisla,798.0,737.0,116.0,108.27679782903662,15.739484396200815,,,,,1,India,0,Kings Xi Punjab,Wicketkeeper
214,MS Bisla,798.0,737.0,116.0,108.27679782903662,15.739484396200815,,,,,1,India,0,Kolkata Knight Riders,Wicketkeeper
214,MS Bisla,798.0,737.0,116.0,108.27679782903662,15.739484396200815,,,,,1,India,0,Royal Challengers Bangalore,Wicketkeeper
216,EJG Morgan,789.0,663.0,98.0,119.00452488687785,14.781297134238311,,,,,0,England,0,Royal Challengers Bangalore,Batsman
216,EJG Morgan,789.0,663.0,98.0,119.00452488687785,14.781297134238311,,,,,0,England,0,Kolkata Knight Riders,Batsman
216,EJG Morgan,789.0,663.0,98.0,119.00452488687785,14.781297134238311,,,,,0,England,0,Sunrisers Hyderabad,Batsman
217,JM Kemp,26.0,25.0,2.0,104.0,8.0,4.0,44.0,0.5454545454545455,143.66666666666666,0,South Africa,3,Chennai Super Kings,Batsman
221,KA Pollard,1959.0,1380.0,256.0,141.95652173913044,18.55072463768116,21.0,1223.0,0.1030253475061324,556.2957211870255,0,West Indies,37,Mumbai Indians,All-Rounder
224,MJ Lumb,278.0,198.0,51.0,140.4040404040404,25.75757575757576,,,,,0,England,0,Rajasthan Royals,Batsman
224,MJ Lumb,278.0,198.0,51.0,140.4040404040404,25.75757575757576,,,,,0,England,0,Deccan Chargers,Batsman
225,DR Martyn,19.0,26.0,1.0,73.07692307692307,3.8461538461538463,,,,,0,Australia,0,Rajasthan Royals,Batsman
226,S Narwal,37.0,29.0,6.0,127.58620689655172,20.6896551724138,1.0,106.0,0.0566037735849056,947.1264367816092,0,India,5,Rajasthan Royals,Batsman
226,S Narwal,37.0,29.0,6.0,127.58620689655172,20.6896551724138,1.0,106.0,0.0566037735849056,947.1264367816092,0,India,5,Kolkata Knight Riders,Batsman
227,AB Barath,42.0,43.0,6.0,97.67441860465117,13.953488372093023,,,,,0,India,0,Kings Xi Punjab,Batsman
228,Bipul Sharma,156.0,99.0,17.0,157.57575757575756,17.17171717171717,4.0,330.0,0.0727272727272727,766.2878787878788,0,India,14,Kings Xi Punjab,Bowler
228,Bipul Sharma,156.0,99.0,17.0,157.57575757575756,17.17171717171717,4.0,330.0,0.0727272727272727,766.2878787878788,0,India,14,Sunrisers Hyderabad,Bowler
229,FY Fazal,183.0,179.0,23.0,102.23463687150836,12.849162011173185,0.0,12.0,0.0,,0,India,0,Rajasthan Royals,Batsman
230,AC Voges,181.0,143.0,18.0,126.5734265734266,12.587412587412588,0.0,54.0,0.0,inf,0,Australia,0,Rajasthan Royals,Batsman
231,MD Mishra,237.0,213.0,32.0,111.26760563380284,15.023474178403756,,,,,0,India,0,Deccan Chargers,Batsman
231,MD Mishra,237.0,213.0,32.0,111.26760563380284,15.023474178403756,,,,,0,India,0,Pune Warriors,Batsman
232,UT Yadav,133.0,122.0,18.0,109.01639344262296,14.754098360655735,83.0,1685.0,0.2955489614243323,223.6849035486207,0,India,48,Deccan Chargers,Bowler
232,UT Yadav,133.0,122.0,18.0,109.01639344262296,14.754098360655735,83.0,1685.0,0.2955489614243323,223.6849035486207,0,India,48,Delhi Daredevils,Bowler
232,UT Yadav,133.0,122.0,18.0,109.01639344262296,14.754098360655735,83.0,1685.0,0.2955489614243323,223.6849035486207,0,India,48,Kolkata Knight Riders,Bowler
235,R Sharma,66.0,77.0,8.0,85.71428571428571,10.38961038961039,9.0,930.0,0.0580645161290322,903.968253968254,0,India,24,Deccan Chargers,Bowler
235,R Sharma,66.0,77.0,8.0,85.71428571428571,10.38961038961039,9.0,930.0,0.0580645161290322,903.968253968254,0,India,24,Pune Warriors,Bowler
235,R Sharma,66.0,77.0,8.0,85.71428571428571,10.38961038961039,9.0,930.0,0.0580645161290322,903.968253968254,0,India,24,Delhi Daredevils,Bowler
236,Mandeep Singh,924.0,760.0,127.0,121.57894736842104,16.710526315789473,,,,,0,India,0,Kolkata Knight Riders,Batsman
236,Mandeep Singh,924.0,760.0,127.0,121.57894736842104,16.710526315789473,,,,,0,India,0,Kings Xi Punjab,Batsman
236,Mandeep Singh,924.0,760.0,127.0,121.57894736842104,16.710526315789473,,,,,0,India,0,Royal Challengers Bangalore,Batsman
237,KM Jadhav,626.0,490.0,70.0,127.75510204081633,14.285714285714285,,,,,0,India,0,Delhi Daredevils,Batsman
237,KM Jadhav,626.0,490.0,70.0,127.75510204081633,14.285714285714285,,,,,0,India,0,Kochi Tuskers Kerala,Batsman
237,KM Jadhav,626.0,490.0,70.0,127.75510204081633,14.285714285714285,,,,,0,India,0,Royal Challengers Bangalore,Batsman
237,KM Jadhav,626.0,490.0,70.0,127.75510204081633,14.285714285714285,,,,,1,India,0,Delhi Daredevils,Wicketkeeper
237,KM Jadhav,626.0,490.0,70.0,127.75510204081633,14.285714285714285,,,,,1,India,0,Kochi Tuskers Kerala,Wicketkeeper
237,KM Jadhav,626.0,490.0,70.0,127.75510204081633,14.285714285714285,,,,,1,India,0,Royal Challengers Bangalore,Wicketkeeper
238,SW Tait,23.0,26.0,2.0,88.46153846153845,7.6923076923076925,36.0,506.0,0.4268774703557312,161.36039886039885,0,Australia,16,Rajasthan Royals,Bowler
239,KB Arun Karthik,51.0,53.0,5.0,96.22641509433964,9.433962264150944,,,,,0,India,0,Chennai Super Kings,Batsman
239,KB Arun Karthik,51.0,53.0,5.0,96.22641509433964,9.433962264150944,,,,,0,India,0,Royal Challengers Bangalore,Batsman
239,KB Arun Karthik,51.0,53.0,5.0,96.22641509433964,9.433962264150944,,,,,1,India,0,Chennai Super Kings,Wicketkeeper
239,KB Arun Karthik,51.0,53.0,5.0,96.22641509433964,9.433962264150944,,,,,1,India,0,Royal Challengers Bangalore,Wicketkeeper
241,PD Collingwood,203.0,159.0,22.0,127.67295597484276,13.836477987421384,0.0,89.0,0.0,inf,0,England,5,Delhi Daredevils,All-Rounder
244,A Mithun,34.0,26.0,5.0,130.76923076923077,19.23076923076924,26.0,298.0,0.5234899328859061,160.8974358974359,0,India,7,Royal Challengers Bangalore,Batsman
245,AP Dole,34.0,23.0,4.0,147.82608695652172,17.391304347826086,3.0,67.0,0.2686567164179104,260.024154589372,0,India,5,Rajasthan Royals,Batsman
246,AN Ahmed,36.0,27.0,5.0,133.33333333333331,18.51851851851852,38.0,349.0,0.6532951289398281,143.2017543859649,0,India,12,Mumbai Indians,Bowler
246,AN Ahmed,36.0,27.0,5.0,133.33333333333331,18.51851851851852,38.0,349.0,0.6532951289398281,143.2017543859649,0,India,12,Royal Challengers Bangalore,Bowler
248,DE Bollinger,21.0,23.0,2.0,91.30434782608695,8.695652173913043,25.0,582.0,0.2577319587628865,239.6521739130435,0,Australia,30,Chennai Super Kings,Bowler
249,S Sriram,31.0,38.0,3.0,81.57894736842105,7.894736842105263,0.0,18.0,0.0,inf,0,India,0,Royal Challengers Bangalore,Batsman
249,S Sriram,31.0,38.0,3.0,81.57894736842105,7.894736842105263,0.0,18.0,0.0,inf,0,India,0,Delhi Daredevils,Batsman
250,B Sumanth,35.0,38.0,3.0,92.10526315789474,7.894736842105263,,,,,0,India,0,Deccan Chargers,Batsman
251,C Madan,15.0,21.0,3.0,71.42857142857143,14.285714285714285,,,,,1,India,0,Mumbai Indians,Wicketkeeper
252,AG Paunikar,49.0,61.0,9.0,80.32786885245902,14.754098360655735,,,,,0,India,0,Rajasthan Royals,Batsman
252,AG Paunikar,49.0,61.0,9.0,80.32786885245902,14.754098360655735,,,,,1,India,0,Rajasthan Royals,Wicketkeeper
253,MR Marsh,225.0,201.0,23.0,111.94029850746269,11.442786069651742,7.0,321.0,0.1308411214953271,438.1130063965885,0,Australia,16,Deccan Chargers,Bowler
253,MR Marsh,225.0,201.0,23.0,111.94029850746269,11.442786069651742,7.0,321.0,0.1308411214953271,438.1130063965885,0,Australia,16,Pune Warriors,Bowler
253,MR Marsh,225.0,201.0,23.0,111.94029850746269,11.442786069651742,7.0,321.0,0.1308411214953271,438.1130063965885,0,Australia,16,Rising Pune Supergiants,Bowler
254,AJ Finch,1304.0,1080.0,185.0,120.74074074074076,17.12962962962963,0.0,43.0,0.0,inf,0,Australia,0,Rajasthan Royals,Batsman
254,AJ Finch,1304.0,1080.0,185.0,120.74074074074076,17.12962962962963,0.0,43.0,0.0,inf,0,Australia,0,Delhi Daredevils,Batsman
254,AJ Finch,1304.0,1080.0,185.0,120.74074074074076,17.12962962962963,0.0,43.0,0.0,inf,0,Australia,0,Pune Warriors,Batsman
254,AJ Finch,1304.0,1080.0,185.0,120.74074074074076,17.12962962962963,0.0,43.0,0.0,inf,0,Australia,0,Gujarat Lions,Batsman
254,AJ Finch,1304.0,1080.0,185.0,120.74074074074076,17.12962962962963,0.0,43.0,0.0,inf,0,Australia,0,Sunrisers Hyderabad,Batsman
254,AJ Finch,1304.0,1080.0,185.0,120.74074074074076,17.12962962962963,0.0,43.0,0.0,inf,0,Australia,0,Mumbai Indians,Batsman
255,STR Binny,688.0,542.0,79.0,126.93726937269372,14.575645756457565,5.0,504.0,0.0595238095238095,903.4686346863468,0,India,12,Mumbai Indians,Bowler
255,STR Binny,688.0,542.0,79.0,126.93726937269372,14.575645756457565,5.0,504.0,0.0595238095238095,903.4686346863468,0,India,12,Rajasthan Royals,Bowler
255,STR Binny,688.0,542.0,79.0,126.93726937269372,14.575645756457565,5.0,504.0,0.0595238095238095,903.4686346863468,0,India,12,Royal Challengers Bangalore,Bowler
257,IR Jaggi,43.0,60.0,3.0,71.66666666666667,5.0,,,,,0,India,0,Deccan Chargers,Batsman
258,DT Christian,341.0,299.0,30.0,114.0468227424749,10.033444816053512,8.0,482.0,0.0995850622406639,559.1067447045708,0,Australia,11,Deccan Chargers,Bowler
258,DT Christian,341.0,299.0,30.0,114.0468227424749,10.033444816053512,8.0,482.0,0.0995850622406639,559.1067447045708,0,Australia,11,Royal Challengers Bangalore,Bowler
259,RV Gomez,50.0,53.0,6.0,94.33962264150944,11.320754716981131,1.0,96.0,0.0625,847.1698113207547,0,India,5,Kochi Tuskers Kerala,Batsman
259,RV Gomez,50.0,53.0,6.0,94.33962264150944,11.320754716981131,1.0,96.0,0.0625,847.1698113207547,0,India,5,Pune Warriors,Batsman
260,MA Agarwal,788.0,663.0,112.0,118.85369532428356,16.89291101055807,,,,,0,India,0,Royal Challengers Bangalore,Batsman
260,MA Agarwal,788.0,663.0,112.0,118.85369532428356,16.89291101055807,,,,,0,India,0,Delhi Daredevils,Batsman
261,AUK Pathan,39.0,26.0,7.0,150.0,26.923076923076923,0.0,39.0,0.0,inf,0,India,0,Royal Challengers Bangalore,Batsman
262,UBT Chand,300.0,314.0,41.0,95.54140127388536,13.05732484076433,,,,,0,India,0,Delhi Daredevils,Batsman
262,UBT Chand,300.0,314.0,41.0,95.54140127388536,13.05732484076433,,,,,0,India,0,Mumbai Indians,Batsman
262,UBT Chand,300.0,314.0,41.0,95.54140127388536,13.05732484076433,,,,,0,India,0,Rajasthan Royals,Batsman
263,DJ Jacobs,92.0,101.0,14.0,91.0891089108911,13.861386138613865,,,,,1,South Africa,0,Mumbai Indians,Wicketkeeper
263,DJ Jacobs,92.0,101.0,14.0,91.0891089108911,13.861386138613865,,,,,0,South Africa,0,Mumbai Indians,Batsman
264,Sunny Singh,43.0,31.0,7.0,138.70967741935485,22.58064516129032,,,,,0,India,0,Kings Xi Punjab,Batsman
266,AL Menaria,401.0,367.0,42.0,109.26430517711172,11.444141689373296,0.0,110.0,0.0,inf,0,India,2,Rajasthan Royals,Batsman
267,WD Parnell,63.0,80.0,5.0,78.75,6.25,28.0,578.0,0.2906574394463668,211.39880952380952,0,South Africa,21,Pune Warriors,Bowler
267,WD Parnell,63.0,80.0,5.0,78.75,6.25,28.0,578.0,0.2906574394463668,211.39880952380952,0,South Africa,21,Delhi Daredevils,Bowler
271,MS Wade,22.0,33.0,0.0,66.66666666666666,0.0,,,,,0,Australia,0,Delhi Daredevils,Batsman
272,TD Paine,10.0,29.0,0.0,34.48275862068966,0.0,,,,,1,Australia,0,Pune Warriors,Wicketkeeper
272,TD Paine,10.0,29.0,0.0,34.48275862068966,0.0,,,,,0,Australia,0,Pune Warriors,Batsman
275,JEC Franklin,321.0,309.0,33.0,103.88349514563106,10.679611650485436,8.0,155.0,0.3096774193548387,213.40008090614884,0,New Zealand,4,Mumbai Indians,Batsman
276,Shakib Al Hasan,499.0,400.0,59.0,124.75,14.75,11.0,908.0,0.0726872246696035,750.2537878787879,0,Bangladesh,31,Kolkata Knight Riders,Bowler
277,DH Yagnik,170.0,142.0,25.0,119.71830985915491,17.6056338028169,,,,,1,India,0,Rajasthan Royals,Wicketkeeper
277,DH Yagnik,170.0,142.0,25.0,119.71830985915491,17.6056338028169,,,,,0,India,0,Rajasthan Royals,Batsman
280,NLTC Perera,423.0,325.0,49.0,130.15384615384616,15.076923076923077,19.0,705.0,0.1617021276595744,374.2874493927126,0,Sri Lanka,23,Chennai Super Kings,Bowler
280,NLTC Perera,423.0,325.0,49.0,130.15384615384616,15.076923076923077,19.0,705.0,0.1617021276595744,374.2874493927126,0,Sri Lanka,23,Kochi Tuskers Kerala,Bowler
280,NLTC Perera,423.0,325.0,49.0,130.15384615384616,15.076923076923077,19.0,705.0,0.1617021276595744,374.2874493927126,0,Sri Lanka,23,Mumbai Indians,Bowler
280,NLTC Perera,423.0,325.0,49.0,130.15384615384616,15.076923076923077,19.0,705.0,0.1617021276595744,374.2874493927126,0,Sri Lanka,23,Sunrisers Hyderabad,Bowler
280,NLTC Perera,423.0,325.0,49.0,130.15384615384616,15.076923076923077,19.0,705.0,0.1617021276595744,374.2874493927126,0,Sri Lanka,23,Rising Pune Supergiants,Bowler
280,NLTC Perera,423.0,325.0,49.0,130.15384615384616,15.076923076923077,19.0,705.0,0.1617021276595744,374.2874493927126,0,Sri Lanka,23,Kings Xi Punjab,Bowler
281,NL McCullum,26.0,23.0,1.0,113.04347826086956,4.3478260869565215,1.0,30.0,0.2,306.52173913043475,0,New Zealand,0,Pune Warriors,Batsman
283,J Syed Mohammad,29.0,27.0,4.0,107.40740740740742,14.814814814814811,1.0,194.0,0.0309278350515463,1670.3703703703704,0,India,6,Royal Challengers Bangalore,Batsman
284,RN ten Doeschate,326.0,238.0,41.0,136.9747899159664,17.22689075630252,0.0,81.0,0.0,inf,0,Netherlands,1,Kolkata Knight Riders,Batsman
285,TR Birt,75.0,59.0,11.0,127.1186440677966,18.64406779661017,,,,,0,Australia,0,Delhi Daredevils,Batsman
287,Harpreet Singh,20.0,26.0,0.0,76.92307692307693,0.0,,,,,0,India,0,Kolkata Knight Riders,Batsman
287,Harpreet Singh,20.0,26.0,0.0,76.92307692307693,0.0,,,,,0,India,0,Pune Warriors,Batsman
288,M Klinger,73.0,78.0,9.0,93.5897435897436,11.538461538461538,,,,,0,Australia,0,Kochi Tuskers Kerala,Batsman
289,AC Blizzard,120.0,91.0,23.0,131.86813186813183,25.27472527472528,,,,,0,Australia,0,Mumbai Indians,Batsman
292,CA Ingram,21.0,26.0,2.0,80.76923076923077,7.6923076923076925,,,,,0,South Africa,0,Delhi Daredevils,Batsman
293,S Nadeem,24.0,62.0,1.0,38.70967741935484,1.6129032258064515,12.0,1015.0,0.070935960591133,724.2159498207885,0,India,17,Delhi Daredevils,Bowler
295,CJ Ferguson,98.0,119.0,9.0,82.35294117647058,7.563025210084033,,,,,0,Australia,0,Pune Warriors,Batsman
296,VR Aaron,42.0,45.0,4.0,93.33333333333331,8.88888888888889,24.0,735.0,0.1959183673469387,301.875,0,India,23,Delhi Daredevils,Bowler
296,VR Aaron,42.0,45.0,4.0,93.33333333333331,8.88888888888889,24.0,735.0,0.1959183673469387,301.875,0,India,23,Royal Challengers Bangalore,Bowler
299,B Kumar,154.0,156.0,18.0,98.71794871794872,11.538461538461538,47.0,1680.0,0.1678571428571428,347.2313147845063,0,India,69,Pune Warriors,Bowler
299,B Kumar,154.0,156.0,18.0,98.71794871794872,11.538461538461538,47.0,1680.0,0.1678571428571428,347.2313147845063,0,India,69,Sunrisers Hyderabad,Bowler
301,S Rana,91.0,82.0,10.0,110.97560975609755,12.195121951219512,0.0,16.0,0.0,inf,0,India,0,Pune Warriors,Batsman
301,S Rana,91.0,82.0,10.0,110.97560975609755,12.195121951219512,0.0,16.0,0.0,inf,0,India,0,Royal Challengers Bangalore,Batsman
303,F du Plessis,1287.0,1036.0,147.0,124.22779922779922,14.18918918918919,0.0,6.0,0.0,,0,South Africa,0,Chennai Super Kings,Batsman
303,F du Plessis,1287.0,1036.0,147.0,124.22779922779922,14.18918918918919,0.0,6.0,0.0,,0,South Africa,0,Rising Pune Supergiants,Batsman
304,RE Levi,83.0,74.0,14.0,112.16216216216218,18.91891891891892,,,,,0,South Africa,0,Mumbai Indians,Batsman
305,GJ Maxwell,919.0,594.0,132.0,154.7138047138047,22.22222222222222,3.0,210.0,0.0857142857142857,660.6902356902357,0,Australia,3,Delhi Daredevils,Batsman
305,GJ Maxwell,919.0,594.0,132.0,154.7138047138047,22.22222222222222,3.0,210.0,0.0857142857142857,660.6902356902357,0,Australia,3,Kings Xi Punjab,Batsman
305,GJ Maxwell,919.0,594.0,132.0,154.7138047138047,22.22222222222222,3.0,210.0,0.0857142857142857,660.6902356902357,0,Australia,3,Mumbai Indians,Batsman
306,SPD Smith,1241.0,933.0,146.0,133.0117899249732,15.64844587352626,0.0,2.0,0.0,,0,India,0,Pune Warriors,Batsman
306,SPD Smith,1241.0,933.0,146.0,133.0117899249732,15.64844587352626,0.0,2.0,0.0,,0,India,0,Rajasthan Royals,Batsman
306,SPD Smith,1241.0,933.0,146.0,133.0117899249732,15.64844587352626,0.0,2.0,0.0,,0,India,0,Rising Pune Supergiants,Batsman
307,MN Samuels,132.0,142.0,13.0,92.95774647887325,9.15492957746479,0.0,201.0,0.0,inf,0,West Indies,0,Pune Warriors,Batsman
308,SA Yadav,503.0,390.0,64.0,128.97435897435898,16.41025641025641,0.0,6.0,0.0,,0,India,0,Mumbai Indians,Batsman
308,SA Yadav,503.0,390.0,64.0,128.97435897435898,16.41025641025641,0.0,6.0,0.0,,0,India,0,Kolkata Knight Riders,Batsman
309,KK Cooper,116.0,70.0,17.0,165.71428571428572,24.285714285714285,17.0,587.0,0.1737649063032368,370.6022408963586,0,West Indies,14,Rajasthan Royals,Bowler
310,JP Faulkner,473.0,346.0,55.0,136.7052023121387,15.895953757225437,44.0,1084.0,0.2435424354243542,273.65563145909965,0,Australia,42,Pune Warriors,Bowler
310,JP Faulkner,473.0,346.0,55.0,136.7052023121387,15.895953757225437,44.0,1084.0,0.2435424354243542,273.65563145909965,0,Australia,42,Kings Xi Punjab,Bowler
310,JP Faulkner,473.0,346.0,55.0,136.7052023121387,15.895953757225437,44.0,1084.0,0.2435424354243542,273.65563145909965,0,Australia,42,Rajasthan Royals,Bowler
310,JP Faulkner,473.0,346.0,55.0,136.7052023121387,15.895953757225437,44.0,1084.0,0.2435424354243542,273.65563145909965,0,Australia,42,Gujarat Lions,Bowler
311,HV Patel,47.0,38.0,5.0,123.6842105263158,13.157894736842104,21.0,663.0,0.1900452488687782,324.93734335839605,0,India,22,Royal Challengers Bangalore,Bowler
313,DJ Harris,111.0,103.0,16.0,107.76699029126212,15.53398058252427,0.0,18.0,0.0,inf,0,Australia,0,Deccan Chargers,Batsman
314,Ankit Sharma,62.0,53.0,8.0,116.98113207547168,15.09433962264151,1.0,357.0,0.0168067226890756,3033.490566037736,0,India,8,Deccan Chargers,Batsman
314,Ankit Sharma,62.0,53.0,8.0,116.98113207547168,15.09433962264151,1.0,357.0,0.0168067226890756,3033.490566037736,0,India,8,Sunrisers Hyderabad,Batsman
314,Ankit Sharma,62.0,53.0,8.0,116.98113207547168,15.09433962264151,1.0,357.0,0.0168067226890756,3033.490566037736,0,India,8,Rajasthan Royals,Batsman
314,Ankit Sharma,62.0,53.0,8.0,116.98113207547168,15.09433962264151,1.0,357.0,0.0168067226890756,3033.490566037736,0,India,8,Rising Pune Supergiants,Batsman
315,SP Narine,47.0,58.0,4.0,81.03448275862068,6.896551724137931,35.0,1582.0,0.1327433628318584,417.183908045977,0,West Indies,50,Kolkata Knight Riders,Bowler
316,GB Hogg,22.0,22.0,1.0,100.0,4.545454545454546,6.0,462.0,0.0779220779220779,691.6666666666666,0,Australia,13,Rajasthan Royals,Bowler
316,GB Hogg,22.0,22.0,1.0,100.0,4.545454545454546,6.0,462.0,0.0779220779220779,691.6666666666666,0,Australia,13,Kolkata Knight Riders,Bowler
319,N Saini,140.0,143.0,16.0,97.9020979020979,11.188811188811188,,,,,1,India,0,Kings Xi Punjab,Wicketkeeper
319,N Saini,140.0,143.0,16.0,97.9020979020979,11.188811188811188,,,,,0,India,0,Kings Xi Punjab,Batsman
320,DA Miller,1480.0,1053.0,174.0,140.55080721747387,16.524216524216524,,,,,0,South Africa,0,Kings Xi Punjab,Batsman
321,Azhar Mahmood,388.0,311.0,52.0,124.7588424437299,16.720257234726688,9.0,552.0,0.0978260869565217,573.490532332976,0,Pakistan,7,Kings Xi Punjab,All-Rounder
321,Azhar Mahmood,388.0,311.0,52.0,124.7588424437299,16.720257234726688,9.0,552.0,0.0978260869565217,573.490532332976,0,Pakistan,7,Kolkata Knight Riders,All-Rounder
322,P Negi,209.0,170.0,25.0,122.94117647058825,14.705882352941178,8.0,433.0,0.1108545034642032,512.5122549019608,0,India,7,Delhi Daredevils,All-Rounder
322,P Negi,209.0,170.0,25.0,122.94117647058825,14.705882352941178,8.0,433.0,0.1108545034642032,512.5122549019608,0,India,7,Chennai Super Kings,All-Rounder
323,RJ Peterson,32.0,32.0,4.0,100.0,12.5,0.0,48.0,0.0,inf,0,South Africa,0,Mumbai Indians,Batsman
325,A Ashish Reddy,280.0,196.0,31.0,142.85714285714286,15.816326530612246,3.0,268.0,0.0671641791044776,815.8730158730159,0,India,4,Deccan Chargers,Batsman
325,A Ashish Reddy,280.0,196.0,31.0,142.85714285714286,15.816326530612246,3.0,268.0,0.0671641791044776,815.8730158730159,0,India,4,Sunrisers Hyderabad,Batsman
327,BB Samantray,125.0,116.0,15.0,107.7586206896552,12.93103448275862,,,,,0,India,0,Deccan Chargers,Batsman
327,BB Samantray,125.0,116.0,15.0,107.7586206896552,12.93103448275862,,,,,0,India,0,Sunrisers Hyderabad,Batsman
328,MJ Clarke,98.0,96.0,12.0,102.08333333333331,12.5,0.0,66.0,0.0,inf,0,Australia,0,Pune Warriors,Batsman
329,Gurkeerat Singh,342.0,280.0,45.0,122.14285714285715,16.071428571428573,0.0,78.0,0.0,inf,0,India,5,Kings Xi Punjab,All-Rounder
329,Gurkeerat Singh,342.0,280.0,45.0,122.14285714285715,16.071428571428573,0.0,78.0,0.0,inf,1,India,5,Kings Xi Punjab,Wicketkeeper
330,AP Majumdar,87.0,77.0,9.0,112.987012987013,11.688311688311687,,,,,0,India,0,Pune Warriors,Batsman
331,PA Reddy,164.0,167.0,17.0,98.20359281437123,10.179640718562874,,,,,0,India,0,Deccan Chargers,Batsman
331,PA Reddy,164.0,167.0,17.0,98.20359281437123,10.179640718562874,,,,,0,India,0,Sunrisers Hyderabad,Batsman
334,AD Russell,574.0,350.0,85.0,164.0,24.285714285714285,23.0,637.0,0.216640502354788,312.7971014492754,0,West Indies,30,Delhi Daredevils,Bowler
334,AD Russell,574.0,350.0,85.0,164.0,24.285714285714285,23.0,637.0,0.216640502354788,312.7971014492754,0,West Indies,30,Kolkata Knight Riders,Bowler
336,CA Lynn,89.0,85.0,10.0,104.7058823529412,11.76470588235294,,,,,0,Australia,0,Deccan Chargers,Batsman
336,CA Lynn,89.0,85.0,10.0,104.7058823529412,11.76470588235294,,,,,0,Australia,0,Kolkata Knight Riders,Batsman
338,MC Juneja,125.0,134.0,12.0,93.28358208955224,8.955223880597014,,,,,0,India,0,Delhi Daredevils,Batsman
339,KK Nair,877.0,700.0,116.0,125.28571428571428,16.57142857142857,,,,,0,India,0,Royal Challengers Bangalore,Batsman
339,KK Nair,877.0,700.0,116.0,125.28571428571428,16.57142857142857,,,,,0,India,0,Rajasthan Royals,Batsman
339,KK Nair,877.0,700.0,116.0,125.28571428571428,16.57142857142857,,,,,0,India,0,Delhi Daredevils,Batsman
340,GH Vihari,280.0,323.0,24.0,86.687306501548,7.430340557275541,0.0,36.0,0.0,inf,0,India,0,Sunrisers Hyderabad,Batsman
342,R Shukla,19.0,23.0,2.0,82.6086956521739,8.695652173913043,12.0,129.0,0.5581395348837209,130.88768115942028,0,India,2,Mumbai Indians,Batsman
342,R Shukla,19.0,23.0,2.0,82.6086956521739,8.695652173913043,12.0,129.0,0.5581395348837209,130.88768115942028,0,India,2,Rajasthan Royals,Batsman
342,R Shukla,19.0,23.0,2.0,82.6086956521739,8.695652173913043,12.0,129.0,0.5581395348837209,130.88768115942028,0,India,2,Delhi Daredevils,Batsman
345,M Vohra,728.0,580.0,98.0,125.51724137931036,16.896551724137932,,,,,0,India,0,Kings Xi Punjab,Batsman
347,Mohammed Shami,10.0,22.0,0.0,45.45454545454545,0.0,23.0,471.0,0.2929936305732484,193.3794466403162,0,India,13,Kolkata Knight Riders,Bowler
347,Mohammed Shami,10.0,22.0,0.0,45.45454545454545,0.0,23.0,471.0,0.2929936305732484,193.3794466403162,0,India,13,Delhi Daredevils,Bowler
348,BMAJ Mendis,23.0,27.0,0.0,85.18518518518519,0.0,0.0,30.0,0.0,inf,0,Sri Lanka,1,Delhi Daredevils,Batsman
349,R Rampaul,51.0,52.0,5.0,98.07692307692308,9.615384615384617,10.0,272.0,0.2205882352941176,275.70512820512823,0,West Indies,9,Royal Challengers Bangalore,Batsman
350,CH Morris,285.0,178.0,35.0,160.1123595505618,19.662921348314608,34.0,826.0,0.2469733656174334,282.50716016743775,0,South Africa,33,Chennai Super Kings,Bowler
350,CH Morris,285.0,178.0,35.0,160.1123595505618,19.662921348314608,34.0,826.0,0.2469733656174334,282.50716016743775,0,South Africa,33,Rajasthan Royals,Bowler
350,CH Morris,285.0,178.0,35.0,160.1123595505618,19.662921348314608,34.0,826.0,0.2469733656174334,282.50716016743775,0,South Africa,33,Delhi Daredevils,Bowler
351,SV Samson,1040.0,890.0,118.0,116.85393258426966,13.258426966292136,,,,,1,India,0,Rajasthan Royals,Wicketkeeper
351,SV Samson,1040.0,890.0,118.0,116.85393258426966,13.258426966292136,,,,,1,India,0,Delhi Daredevils,Wicketkeeper
351,SV Samson,1040.0,890.0,118.0,116.85393258426966,13.258426966292136,,,,,0,India,0,Rajasthan Royals,Batsman
351,SV Samson,1040.0,890.0,118.0,116.85393258426966,13.258426966292136,,,,,0,India,0,Delhi Daredevils,Batsman
353,BJ Rohrer,193.0,146.0,26.0,132.1917808219178,17.80821917808219,0.0,6.0,0.0,,0,Australia,0,Delhi Daredevils,Batsman
354,KL Rahul,725.0,592.0,85.0,122.4662162162162,14.358108108108109,,,,,0,India,0,Royal Challengers Bangalore,Batsman
354,KL Rahul,725.0,592.0,85.0,122.4662162162162,14.358108108108109,,,,,0,India,0,Sunrisers Hyderabad,Batsman
354,KL Rahul,725.0,592.0,85.0,122.4662162162162,14.358108108108109,,,,,1,India,0,Royal Challengers Bangalore,Wicketkeeper
354,KL Rahul,725.0,592.0,85.0,122.4662162162162,14.358108108108109,,,,,1,India,0,Sunrisers Hyderabad,Wicketkeeper
355,Q de Kock,726.0,566.0,111.0,128.26855123674912,19.6113074204947,,,,,0,South Africa,0,Sunrisers Hyderabad,Batsman
355,Q de Kock,726.0,566.0,111.0,128.26855123674912,19.6113074204947,,,,,0,South Africa,0,Delhi Daredevils,Batsman
355,Q de Kock,726.0,566.0,111.0,128.26855123674912,19.6113074204947,,,,,1,South Africa,0,Sunrisers Hyderabad,Wicketkeeper
355,Q de Kock,726.0,566.0,111.0,128.26855123674912,19.6113074204947,,,,,1,South Africa,0,Delhi Daredevils,Wicketkeeper
356,R Dhawan,153.0,135.0,17.0,113.33333333333331,12.592592592592592,17.0,492.0,0.2073170731707317,297.843137254902,0,India,18,Mumbai Indians,Bowler
356,R Dhawan,153.0,135.0,17.0,113.33333333333331,12.592592592592592,17.0,492.0,0.2073170731707317,297.843137254902,0,India,18,Kings Xi Punjab,Bowler
357,MG Johnson,131.0,140.0,13.0,93.57142857142856,9.285714285714286,43.0,1006.0,0.2564612326043737,241.7469545957918,0,Australia,46,Mumbai Indians,Bowler
357,MG Johnson,131.0,140.0,13.0,93.57142857142856,9.285714285714286,43.0,1006.0,0.2564612326043737,241.7469545957918,0,Australia,46,Kings Xi Punjab,Bowler
358,LJ Wright,106.0,63.0,19.0,168.25396825396825,30.15873015873016,1.0,71.0,0.0845070422535211,675.7936507936507,0,England,2,Pune Warriors,Batsman
360,CM Gautam,169.0,158.0,23.0,106.9620253164557,14.556962025316457,,,,,1,India,0,Mumbai Indians,Wicketkeeper
360,CM Gautam,169.0,158.0,23.0,106.9620253164557,14.556962025316457,,,,,1,India,0,Delhi Daredevils,Wicketkeeper
362,DJG Sammy,295.0,251.0,33.0,117.52988047808766,13.147410358565736,8.0,238.0,0.2016806722689075,306.6816069057105,0,West Indies,11,Sunrisers Hyderabad,Bowler
362,DJG Sammy,295.0,251.0,33.0,117.52988047808766,13.147410358565736,8.0,238.0,0.2016806722689075,306.6816069057105,0,West Indies,11,Royal Challengers Bangalore,Bowler
363,KW Richardson,36.0,39.0,3.0,92.3076923076923,7.6923076923076925,6.0,317.0,0.113564668769716,486.4316239316239,0,Australia,18,Royal Challengers Bangalore,Bowler
363,KW Richardson,36.0,39.0,3.0,92.3076923076923,7.6923076923076925,6.0,317.0,0.113564668769716,486.4316239316239,0,Australia,18,Rajasthan Royals,Bowler
363,KW Richardson,36.0,39.0,3.0,92.3076923076923,7.6923076923076925,6.0,317.0,0.113564668769716,486.4316239316239,0,Australia,18,Pune Warriors,Bowler
364,MM Sharma,61.0,53.0,7.0,115.09433962264151,13.20754716981132,19.0,1264.0,0.0901898734177215,611.9331347236014,0,India,67,Chennai Super Kings,Bowler
364,MM Sharma,61.0,53.0,7.0,115.09433962264151,13.20754716981132,19.0,1264.0,0.0901898734177215,611.9331347236014,0,India,67,Kings Xi Punjab,Bowler
367,Sandeep Sharma,19.0,29.0,1.0,65.51724137931035,3.4482758620689653,51.0,943.0,0.3244962884411453,186.8435880099166,0,India,54,Kings Xi Punjab,Bowler
369,Sachin Baby,122.0,89.0,14.0,137.07865168539325,15.730337078651685,0.0,10.0,0.0,,0,India,2,Royal Challengers Bangalore,Batsman
369,Sachin Baby,122.0,89.0,14.0,137.07865168539325,15.730337078651685,0.0,10.0,0.0,,0,India,2,Rajasthan Royals,Batsman
370,PV Tambe,18.0,39.0,1.0,46.15384615384615,2.564102564102564,13.0,660.0,0.1181818181818181,446.1538461538462,0,India,28,Rajasthan Royals,Bowler
370,PV Tambe,18.0,39.0,1.0,46.15384615384615,2.564102564102564,13.0,660.0,0.1181818181818181,446.1538461538462,0,India,28,Gujarat Lions,Bowler
371,NM Coulter-Nile,38.0,40.0,5.0,95.0,12.5,29.0,397.0,0.4382871536523929,161.58045977011494,0,Australia,21,Delhi Daredevils,Bowler
371,NM Coulter-Nile,38.0,40.0,5.0,95.0,12.5,29.0,397.0,0.4382871536523929,161.58045977011494,0,Australia,21,Mumbai Indians,Bowler
372,CJ Anderson,379.0,284.0,53.0,133.45070422535213,18.66197183098592,4.0,132.0,0.1818181818181818,341.7253521126761,0,New Zealand,5,Mumbai Indians,All-Rounder
373,NJ Maddinson,20.0,21.0,4.0,95.23809523809524,19.047619047619047,,,,,0,Australia,0,Royal Challengers Bangalore,Batsman
374,AR Patel,379.0,323.0,40.0,117.3374613003096,12.38390092879257,33.0,963.0,0.205607476635514,301.850548831973,0,India,43,Kings Xi Punjab,Bowler
376,JDS Neesham,42.0,46.0,4.0,91.30434782608695,8.695652173913043,5.0,54.0,0.5555555555555556,135.65217391304347,0,New Zealand,1,Delhi Daredevils,Batsman
377,TG Southee,47.0,33.0,5.0,142.42424242424244,15.151515151515152,17.0,601.0,0.1697171381031613,365.81996434937616,0,New Zealand,19,Chennai Super Kings,Bowler
377,TG Southee,47.0,33.0,5.0,142.42424242424244,15.151515151515152,17.0,601.0,0.1697171381031613,365.81996434937616,0,New Zealand,19,Mumbai Indians,Bowler
377,TG Southee,47.0,33.0,5.0,142.42424242424244,15.151515151515152,17.0,601.0,0.1697171381031613,365.81996434937616,0,New Zealand,19,Rajasthan Royals,Bowler
378,MA Starc,96.0,98.0,10.0,97.95918367346938,10.20408163265306,38.0,583.0,0.3910806174957118,176.83046902971716,0,Australia,34,Royal Challengers Bangalore,Bowler
379,BR Dunk,40.0,36.0,7.0,111.11111111111111,19.444444444444446,,,,,0,Australia,0,Mumbai Indians,Batsman
380,RR Rossouw,53.0,51.0,6.0,103.921568627451,11.76470588235294,,,,,0,South Africa,0,Royal Challengers Bangalore,Batsman
383,LMP Simmons,942.0,762.0,135.0,123.62204724409447,17.716535433070867,0.0,18.0,0.0,inf,0,West Indies,1,Mumbai Indians,Batsman
384,VH Zol,29.0,26.0,4.0,111.53846153846156,15.384615384615383,,,,,0,India,0,Royal Challengers Bangalore,Batsman
385,BCJ Cutting,73.0,43.0,11.0,169.7674418604651,25.58139534883721,0.0,91.0,0.0,inf,0,Australia,6,Sunrisers Hyderabad,Batsman
385,BCJ Cutting,73.0,43.0,11.0,169.7674418604651,25.58139534883721,0.0,91.0,0.0,inf,0,Australia,6,Rajasthan Royals,Batsman
386,Imran Tahir,18.0,23.0,3.0,78.26086956521739,13.043478260869565,9.0,434.0,0.1244239631336405,440.9822866344605,0,India,29,Delhi Daredevils,Bowler
388,S Gopal,14.0,27.0,1.0,51.85185185185185,3.7037037037037033,1.0,115.0,0.0521739130434782,984.2592592592594,0,India,7,Mumbai Indians,Batsman
391,JO Holder,38.0,32.0,6.0,118.75,18.75,20.0,219.0,0.547945205479452,150.625,0,West Indies,5,Kolkata Knight Riders,Batsman
391,JO Holder,38.0,32.0,6.0,118.75,18.75,20.0,219.0,0.547945205479452,150.625,0,West Indies,5,Sunrisers Hyderabad,Batsman
391,JO Holder,38.0,32.0,6.0,118.75,18.75,20.0,219.0,0.547945205479452,150.625,0,West Indies,5,Chennai Super Kings,Batsman
393,SS Iyer,469.0,406.0,65.0,115.51724137931036,16.00985221674877,,,,,0,India,0,Delhi Daredevils,Batsman
394,DJ Hooda,295.0,224.0,31.0,131.69642857142858,13.839285714285715,2.0,169.0,0.0710059171597633,770.014880952381,0,India,4,Rajasthan Royals,Batsman
394,DJ Hooda,295.0,224.0,31.0,131.69642857142858,13.839285714285715,2.0,169.0,0.0710059171597633,770.014880952381,0,India,4,Sunrisers Hyderabad,Batsman
395,Anureet Singh,18.0,31.0,1.0,58.06451612903226,3.225806451612903,27.0,382.0,0.4240837696335078,146.93349263241737,0,India,17,Kolkata Knight Riders,Bowler
395,Anureet Singh,18.0,31.0,1.0,58.06451612903226,3.225806451612903,27.0,382.0,0.4240837696335078,146.93349263241737,0,India,17,Kings Xi Punjab,Bowler
396,KS Williamson,155.0,155.0,16.0,100.0,10.32258064516129,0.0,6.0,0.0,,0,New Zealand,0,Sunrisers Hyderabad,Batsman
398,J Suchith,48.0,33.0,6.0,145.45454545454547,18.181818181818183,1.0,246.0,0.024390243902439,2122.7272727272725,0,India,10,Mumbai Indians,Batsman
400,HH Pandya,156.0,134.0,21.0,116.4179104477612,15.671641791044776,5.0,203.0,0.147783251231527,396.542288557214,0,India,4,Mumbai Indians,Batsman
401,D Wiese,127.0,94.0,16.0,135.1063829787234,17.02127659574468,9.0,279.0,0.1935483870967742,325.88652482269504,0,South Africa,16,Royal Challengers Bangalore,Bowler
402,SN Khan,177.0,103.0,25.0,171.84466019417474,24.271844660194176,,,,,0,India,0,Royal Challengers Bangalore,Batsman
403,MJ McClenaghan,47.0,29.0,7.0,162.06896551724137,24.13793103448276,29.0,605.0,0.287603305785124,254.8850574712644,0,New Zealand,35,Mumbai Indians,Bowler
407,JC Buttler,255.0,189.0,34.0,134.92063492063494,17.989417989417987,,,,,1,England,0,Mumbai Indians,Wicketkeeper
407,JC Buttler,255.0,189.0,34.0,134.92063492063494,17.989417989417987,,,,,0,England,0,Mumbai Indians,Batsman
408,CR Brathwaite,83.0,40.0,14.0,207.50000000000003,35.0,12.0,142.0,0.5070422535211268,202.3611111111112,0,West Indies,7,Delhi Daredevils,Batsman
409,MP Stoinis,146.0,111.0,17.0,131.53153153153156,15.315315315315312,9.0,138.0,0.391304347826087,193.5435435435436,0,Australia,8,Kings Xi Punjab,All-Rounder
410,Ishan Kishan,42.0,41.0,5.0,102.4390243902439,12.195121951219512,,,,,0,India,0,Gujarat Lions,Batsman
411,C Munro,30.0,31.0,3.0,96.7741935483871,9.67741935483871,0.0,12.0,0.0,,0,New Zealand,0,Kolkata Knight Riders,Batsman
413,KH Pandya,237.0,127.0,35.0,186.6141732283465,27.55905511811024,2.0,187.0,0.0641711229946524,872.47375328084,0,India,6,Mumbai Indians,All-Rounder
414,AD Nath,20.0,27.0,1.0,74.07407407407408,3.7037037037037033,,,,,0,India,0,Gujarat Lions,Batsman
415,MJ Guptill,57.0,55.0,6.0,103.63636363636364,10.909090909090908,,,,,0,New Zealand,0,Mumbai Indians,Batsman
417,TM Head,54.0,42.0,5.0,128.57142857142858,11.904761904761903,,,,,0,Australia,0,Royal Challengers Bangalore,Batsman
419,NS Naik,23.0,33.0,1.0,69.6969696969697,3.0303030303030303,,,,,1,India,0,Kings Xi Punjab,Wicketkeeper
420,RR Pant,198.0,155.0,25.0,127.74193548387096,16.129032258064516,,,,,0,India,0,Delhi Daredevils,Batsman
421,SW Billings,88.0,66.0,8.0,133.33333333333331,12.12121212121212,,,,,0,England,0,Delhi Daredevils,Batsman
426,UT Khawaja,127.0,105.0,17.0,120.95238095238096,16.19047619047619,,,,,0,Australia,0,Rising Pune Supergiants,Batsman
427,HM Amla,157.0,122.0,24.0,128.68852459016392,19.672131147540984,,,,,0,South Africa,0,Kings Xi Punjab,Batsman
431,N Rana,104.0,78.0,15.0,133.33333333333331,19.23076923076924,0.0,6.0,0.0,,0,India,0,Mumbai Indians,Batsman
